"machine-learning","python","neural-network","deep-learning","classification","keras","r","scikit-learn","data-mining","tensorflow","nlp","time-series","dataset","clustering","regression","predictive-modeling","statistics","pandas","lstm","text-mining","cnn","feature-selection","convnet","bigdata","visualization","random-forest","data","data-cleaning","decision-trees","rnn","linear-regression","image-classification","logistic-regression","svm","algorithms","reinforcement-learning","recommender-system","xgboost","cross-validation","computer-vision","training","feature-extraction","feature-engineering","k-means","multiclass-classification","optimization","unsupervised-learning","apache-spark","word2vec","gradient-descent","supervised-learning","preprocessing","prediction","categorical-data","machine-learning-model","word-embeddings","backpropagation","correlation","similarity","loss-function","probability","orange","image-recognition","anomaly-detection","pca","multilabel-classification","convolution","dimensionality-reduction","accuracy","autoencoder","unbalanced-classes","data-science-model","apache-hadoop","beginner","graphs","evaluation","numpy","normalization","naive-bayes-classifier","feature-scaling","model-selection","overfitting","matlab","pytorch","sentiment-analysis","performance","dataframe","ensemble-modeling","sampling","outlier","natural-language-process","nltk","information-retrieval","recurrent-neural-net","gan","forecast","social-network-analysis","missing-data","text","regularization","pyspark","q-learning","topic-model","distance","class-imbalance","plotting","hyperparameter","lda","gpu","databases","forecasting","object-detection","named-entity-recognition","jupyter","bayesian","encoding","distribution","reference-request","confusion-matrix","career","ranking","labels","data-analysis","tools","hyperparameter-tuning","java","terminology","sql","gensim","k-nn","generative-models","data-imputation","audio-recognition","activation-function","binary","sequence","markov-process","theano","weka","association-rules","dqn","object-recognition","gaussian","csv","feature-construction","cost-function","perceptron","transfer-learning","online-learning","metric","kaggle","gbm","matplotlib","dropout","embeddings","scala","rbm","stanford-nlp","distributed","search","parameter-estimation","bayesian-networks","mnist","rstudio","inception","matrix-factorisation","kernel","ipython","tsne","variance","tfidf","sequence-to-sequence","programming","descriptive-statistics","classifier","education","language-model","clusters","weighted-data","scraping","excel","semi-supervised-learning","geospatial","sequential-pattern-mining","self-study","cosine-distance","software-recommendation","data-augmentation","efficiency","parallel","azure-ml","dbscan","seaborn","scalability","map-reduce","research","finance","machine-translation","ab-test","boosting","aws","ocr","definitions","error-handling","genetic-algorithms","data-wrangling","linear-algebra","math","mlp","scoring","theory","mini-batch-gradient-descent","grid-search","parsing","parameter","data-formats","books","similar-documents","smote","bias","policy-gradients","opencv","ggplot2","churn","graphical-model","information-theory","nosql","google","javascript","experiments","marketing","tableau","anaconda","fuzzy-logic","caffe","yolo","deep-network","survival-analysis","methodology","text-generation","batch-normalization","knowledge-base","apache-mahout","aggregation","hierarchical-data-format","market-basket-analysis","ai","open-source","simulation","multitask-learning","learning","json","regex","scipy","estimators","noise","markov-hidden-model","glm","sas","bioinformatics","expectation-maximization","numerical","image-preprocessing","processing","software-development","convergence","interpolation","ensemble","speech-to-text","faster-rcnn","ensemble-learning","gridsearchcv","libsvm","octave","data-stream-mining","mongodb","library","mutual-information","search-engine","vector-space-models","learning-rate","ngrams","tflearn","matrix","neo4j","hive","methods","amazon-ml","score","data.table","monte-carlo","representation","automatic-summarization","predictor-importance","dplyr","epochs","attention-mechanism","metadata","crawling","markov","randomized-algorithms","vc-theory","nvidia","twitter","openai-gym","actor-critic","reshape","vgg16","weight-initialization","probabilistic-programming","apache-pig","c","torch","tokenization","game","pac-learning","cloud-computing","homework","learning-to-rank","annotation","generalization","objective-function","stacked-lstm","indexing","notation","discriminant-analysis","julia","google-prediction-api","manifold","data-leakage","cloud","hardware","colab",".net","usecase","anonymization","state-of-the-art","domain-adaptation","lda-classifier","alex-net","historgram","neural-style-transfer","svr","pipelines","consumerweb","infographics","version-control","featurization","data-product","stata","pgm","jaccard-coefficient","powerbi","etl","management","active-learning","linux","meta-learning","tranformation","keras-rl","anomaly","bayes-error","project-planning","normal-equation","relational-dbms","data-indexing-techniques","genetic","energy","sports","history","redshift","privacy","dirichlet","word","counts","ndcg","fastai","collinearity","orange3","freebase","hog","lsi","apache-kafka","pybrain","competitions","spss","text-filter","rattle","ibm-watson","automation","cs231n","sensors","mcmc","feature-reduction","ml","implementation","chatbot","difference","hbase","reductions","noisification","community","glorot-initialization","self-driving","momentum","nlg","heatmap","spatial-transformer","evolutionary-algorithms","activity-recognition","features","genetic-programming","rbf","neural","code","sound","image-size","imbalanced-learn","image","sagemaker","transformer","hinge-loss","gfnn","pad","lsmt","orange3-imageanalytics","finite-state-machine","lasagne","auto-preprocessing","wearable","humor","domain","acoustic","orange3-network","histogram","smotenc","deepmind","wolfram-language","microsoft-bot-framework","dialog-flow","finite-precision","h2o","dynamic-programming","ridge-regression","discounted-reward","average-reward","3d-reconstruction","gmm","bert"
10,4,1,0,2,0,5,1,5,0,3,1,1,5,0,1,4,3,0,1,0,2,0,11,1,0,0,2,0,0,0,0,0,1,2,0,2,0,0,0,0,1,0,1,0,1,0,0,0,0,0,0,0,1,0,0,0,0,1,0,0,0,0,0,0,0,0,2,0,0,0,0,4,0,0,0,0,0,0,0,0,0,0,0,0,5,0,0,0,0,0,0,1,0,0,0,1,0,0,0,0,0,2,0,0,0,0,2,0,6,0,0,0,0,0,0,0,0,0,0,0,0,0,5,0,0,0,0,0,0,0,0,0,0,1,0,0,0,0,0,0,0,0,0,0,0,0,0,0,0,0,0,0,0,0,0,0,0,2,1,0,0,0,0,0,0,0,0,0,0,0,0,0,0,0,2,1,1,0,0,0,0,0,0,0,0,0,0,5,4,0,0,0,2,1,0,0,1,0,0,1,0,2,0,0,0,0,0,0,0,0,0,0,1,1,0,0,0,0,0,0,0,0,0,0,0,7,1,1,0,0,0,0,0,0,0,0,0,0,0,0,0,0,0,0,0,0,3,0,0,0,0,0,0,0,0,0,0,0,0,0,0,0,2,0,0,0,0,0,0,0,0,1,1,2,1,0,0,0,0,0,0,0,0,1,0,0,0,0,0,0,0,0,0,0,0,0,2,0,0,0,0,0,0,0,0,0,0,0,0,0,0,0,0,0,0,0,0,0,0,0,0,0,1,0,0,0,0,0,0,0,0,0,1,1,0,0,0,0,0,0,0,0,0,1,0,0,0,0,0,0,0,0,0,0,0,0,0,0,0,0,0,0,0,1,1,0,0,0,0,0,0,0,0,0,0,0,0,0,0,0,0,0,0,0,0,0,0,0,0,0,0,0,0,0,0,0,0,0,0,0,0,0,0,0,0,0,0,0,0,0,0,0,0,0,0,0,0,0,0,0,0,0,0,0,0,0,0,0,0,0,0,0,0,0,0,0,0,0,0,0,0,0,0,0,0,0,0,0
31,8,6,1,12,0,5,1,10,0,7,2,9,4,0,0,10,0,0,5,0,5,0,13,5,1,0,3,0,0,0,0,5,1,10,0,3,0,1,0,0,0,0,1,0,1,0,0,0,0,0,0,0,1,0,0,0,0,1,0,0,0,0,0,0,0,0,0,1,0,1,0,6,1,3,1,0,0,0,0,0,0,0,0,0,3,0,0,1,1,0,0,0,0,0,0,1,0,0,0,0,0,1,0,0,0,1,0,0,0,0,0,0,0,0,1,0,1,1,0,0,0,0,3,0,0,0,2,0,0,0,0,0,0,1,0,0,0,0,0,0,0,0,0,0,0,0,0,0,0,1,0,0,0,0,0,0,0,5,1,0,0,0,0,0,0,0,0,0,0,0,0,0,0,0,5,0,0,0,0,0,0,0,0,0,0,0,0,7,0,0,0,0,5,2,0,0,0,0,0,1,0,2,0,0,0,0,0,0,0,0,0,0,0,1,1,0,0,0,0,0,0,0,0,0,0,0,1,1,1,0,0,0,0,0,0,0,0,0,0,0,6,0,0,1,0,0,1,0,0,0,0,0,0,0,0,0,1,0,0,0,0,0,0,0,0,0,0,0,0,0,0,0,0,0,0,0,0,0,0,0,0,0,0,0,0,0,0,0,0,0,0,0,0,0,0,0,0,1,0,0,0,0,0,0,0,0,0,0,0,0,0,0,0,0,0,0,0,0,0,0,0,0,0,0,0,1,0,0,0,0,0,0,0,1,1,0,0,0,0,0,0,0,0,0,0,0,0,0,0,0,0,0,0,0,0,0,0,0,0,0,0,0,0,1,0,0,0,1,0,0,0,0,0,0,0,0,0,0,1,0,0,0,0,0,0,0,0,0,0,0,0,0,0,0,0,0,0,0,0,0,0,0,0,0,0,0,0,0,0,0,0,0,0,0,0,0,0,0,0,0,0,0,0,0,0,0,0,0,0,0,0,0,0,0,0,0,0,0,0,0,0,0,0,0,0,0,0,0
23,10,6,1,8,0,8,1,13,0,6,3,5,4,0,0,2,2,0,7,0,1,0,10,3,1,0,0,0,0,0,0,1,3,2,0,3,0,1,0,0,2,0,2,0,2,0,1,0,1,0,0,0,0,0,0,0,0,4,0,0,0,0,0,0,0,0,0,3,0,1,0,7,0,1,0,0,0,0,0,0,0,0,0,1,0,0,0,1,0,0,0,0,0,0,0,1,0,0,0,1,0,0,0,0,0,0,0,0,2,0,0,0,0,0,0,0,0,0,2,0,0,0,2,0,0,0,0,0,0,0,0,0,0,0,0,0,0,0,0,0,0,0,0,0,0,0,0,0,0,0,0,0,0,0,0,0,0,0,2,0,0,0,0,0,0,0,0,0,0,0,0,0,0,0,2,0,0,0,0,0,1,1,0,0,0,0,0,1,0,0,1,0,0,2,1,0,0,0,0,0,0,3,0,0,0,0,0,0,0,0,0,0,1,0,0,0,0,0,0,0,0,0,0,0,0,2,0,0,0,0,0,0,0,0,0,0,0,0,0,0,1,0,0,1,0,0,0,0,0,0,0,0,0,0,0,0,0,0,0,0,0,0,1,0,0,0,0,0,0,0,0,0,0,0,1,0,0,0,0,0,0,0,0,0,0,0,0,0,0,0,0,0,0,0,0,0,0,0,0,0,0,0,0,0,0,0,0,0,0,0,0,0,0,0,0,0,0,0,0,0,0,0,0,0,0,0,0,0,0,0,0,0,0,0,0,2,0,0,0,0,0,0,0,0,0,1,0,0,0,0,0,0,0,0,0,0,0,0,0,0,0,0,0,0,1,0,0,0,0,0,0,0,0,0,0,0,0,0,0,0,0,0,0,0,0,0,0,0,0,0,0,0,0,0,0,0,0,0,0,0,0,0,0,0,0,0,0,0,0,0,0,0,0,0,0,0,0,0,0,0,0,0,0,0,0,0,0,0,0,0,0,0,0,0,0,0,0,0,0,0,0,0,0,0,0,0,0,0
18,4,1,0,9,0,11,4,6,0,5,2,8,4,2,0,6,1,0,6,0,4,0,7,2,1,0,1,0,0,0,0,1,2,4,2,1,0,3,0,0,1,0,0,0,2,0,0,0,0,0,0,0,0,0,0,0,2,2,0,0,0,0,0,0,0,0,2,1,0,0,0,2,3,3,1,0,0,0,0,0,0,0,0,0,0,0,0,1,0,0,0,2,0,0,1,2,0,0,0,0,0,1,0,0,0,0,0,0,1,0,0,0,0,0,0,0,0,0,0,0,0,0,5,0,0,0,0,0,0,0,0,0,0,1,0,0,0,0,0,0,0,0,1,0,0,0,0,0,0,0,0,0,0,0,1,1,0,1,2,0,0,0,0,0,0,0,0,0,0,0,0,0,0,0,0,0,0,0,0,0,0,0,0,0,0,0,0,2,0,0,0,0,1,1,1,0,0,2,0,0,0,0,1,0,0,0,0,0,0,0,0,0,1,0,0,0,0,0,0,0,0,0,0,0,0,0,0,0,0,0,0,0,0,0,0,0,0,0,0,0,0,0,0,0,0,0,1,0,0,0,0,0,0,0,0,0,1,0,0,0,0,0,0,0,0,0,0,0,0,0,0,0,0,0,0,0,0,0,0,0,0,0,0,0,0,0,0,0,0,0,0,0,0,0,0,0,0,1,0,0,0,0,0,0,0,0,0,0,0,1,0,0,0,0,0,0,0,0,0,0,0,0,0,0,0,0,0,0,0,0,0,0,0,0,0,0,0,0,0,0,0,0,0,1,0,0,0,0,0,0,0,0,0,0,0,0,0,0,0,0,0,0,0,0,0,1,0,0,0,0,0,0,0,0,0,0,0,0,1,0,0,0,0,0,0,0,0,0,0,0,0,0,0,0,0,0,0,0,0,0,0,0,0,0,0,0,0,0,0,0,0,0,0,0,0,0,0,0,0,0,0,0,0,0,0,0,0,0,0,0,0,0,0,0,0,0,0,0,0,0,0,0,0,0,0,0,0,0
19,0,2,0,8,0,3,0,8,0,3,5,6,6,0,2,4,0,0,8,0,0,0,6,0,3,0,0,0,0,0,0,1,2,4,0,2,0,0,0,0,0,0,2,0,0,0,0,0,2,0,0,0,0,0,0,0,0,1,0,0,0,0,0,0,0,0,1,0,0,2,0,1,4,1,0,0,0,0,0,0,0,0,0,0,0,0,0,0,0,0,0,2,0,0,0,0,0,0,0,0,0,0,0,0,0,0,0,0,0,0,0,0,0,0,0,0,0,1,1,0,0,0,0,0,0,0,0,0,0,0,0,0,0,0,0,0,0,0,0,0,0,0,0,0,0,0,0,1,0,0,1,0,0,0,0,0,0,0,1,0,0,0,0,0,0,0,0,0,0,0,0,0,0,0,1,1,0,0,0,0,0,0,0,0,0,0,0,0,0,0,0,0,0,0,0,0,0,0,0,0,0,1,0,0,0,0,0,0,0,0,0,0,0,1,0,0,0,0,0,0,0,0,0,0,0,0,0,0,1,1,0,0,0,0,0,0,0,0,0,0,0,0,0,0,0,0,0,0,0,0,0,0,0,0,0,0,0,0,0,0,0,0,0,0,0,0,0,0,0,0,0,0,0,0,0,2,0,0,0,0,0,0,0,0,0,0,0,0,0,0,0,0,0,0,0,0,0,0,0,0,0,0,0,0,0,0,0,0,0,0,0,0,0,0,0,0,0,0,0,0,0,0,0,0,0,0,0,0,0,0,0,0,0,0,0,0,0,0,0,0,0,0,0,0,0,0,0,0,0,0,0,0,0,0,0,0,0,0,0,0,0,0,0,0,0,0,0,0,0,0,0,0,0,0,0,0,0,0,0,0,0,0,0,0,0,0,0,0,0,0,0,0,0,0,0,0,0,0,0,0,0,0,0,0,0,0,0,0,0,0,0,0,0,0,0,0,0,0,0,0,0,0,0,0,0,0,0,0,0,0,0,0,0,0,0,0,0,0,0,0,0,0,0,0,0,0,0,0
26,5,4,1,12,0,7,2,10,0,7,4,4,4,6,3,5,2,0,2,0,1,0,4,2,2,0,1,1,0,0,0,1,2,2,0,5,0,0,0,0,1,0,0,0,0,0,0,0,1,0,0,0,1,0,0,0,2,0,0,0,0,0,0,0,0,0,1,1,0,0,0,2,0,2,0,0,0,0,0,0,0,1,0,0,1,0,0,0,1,0,0,1,0,0,0,2,0,0,0,0,0,0,0,0,0,0,0,0,0,0,0,0,0,0,0,0,0,1,1,0,0,0,2,0,1,0,0,0,0,0,0,0,0,0,0,0,0,0,1,0,0,0,0,0,0,0,0,1,0,1,0,0,0,0,0,0,0,0,1,0,0,0,0,0,0,0,1,0,0,0,0,0,0,0,0,0,0,0,0,0,0,0,0,0,0,0,0,1,0,0,0,0,0,0,1,0,0,0,0,0,0,0,0,0,0,0,0,0,0,0,0,0,0,0,0,0,0,0,0,0,0,0,0,0,0,0,0,0,1,0,0,0,0,0,0,0,0,0,0,0,0,0,0,0,0,0,0,0,0,0,0,0,0,0,0,0,0,0,0,0,0,0,0,0,0,0,0,0,0,0,0,0,0,0,0,0,0,0,0,0,0,0,0,0,0,0,0,0,0,0,0,0,0,0,0,0,0,0,0,0,0,0,0,0,0,0,0,0,0,0,0,0,0,0,0,0,0,0,0,0,0,0,0,0,1,0,0,0,0,0,0,0,0,0,0,0,0,0,0,0,0,0,0,0,0,0,0,0,0,0,0,0,0,0,0,0,0,0,0,0,0,0,0,0,0,0,1,0,0,0,0,0,0,0,0,0,0,0,0,0,0,0,0,0,0,0,0,0,0,0,0,0,0,0,0,0,0,1,0,0,0,0,0,0,0,0,0,0,0,0,0,0,0,0,0,0,0,0,0,0,0,0,0,0,0,0,0,0,0,0,0,0,0,0,0,0,0,0,0,0,0,0,0,0,0,0,0,0
13,7,3,1,9,0,6,2,9,0,5,3,7,6,4,5,6,0,0,4,0,1,0,3,5,1,0,2,0,0,0,0,1,4,0,0,4,0,0,0,0,1,0,0,0,0,0,0,0,0,0,0,0,3,0,0,0,0,1,0,0,0,0,1,0,0,0,2,2,0,1,0,1,1,0,0,0,0,0,0,0,0,0,0,0,1,0,2,1,0,0,0,0,0,0,1,1,0,0,0,0,0,0,0,0,0,0,1,0,0,0,0,0,0,0,0,0,0,0,2,0,0,0,0,0,3,0,1,0,0,0,0,0,0,0,1,0,0,0,0,0,0,0,0,0,0,0,0,0,0,0,1,0,0,0,0,0,0,0,0,0,0,0,0,0,0,0,0,0,0,0,0,0,0,0,1,0,0,0,0,0,0,1,0,1,0,0,0,0,0,0,0,0,2,1,0,0,0,0,0,2,0,0,0,0,0,0,0,0,0,0,0,0,1,0,1,0,0,0,0,0,0,0,0,0,0,0,0,1,0,1,1,0,0,0,0,0,0,0,0,0,0,0,0,0,0,0,0,0,0,0,0,0,0,0,0,0,0,0,0,0,0,0,0,1,0,0,0,0,0,0,0,0,1,0,0,1,0,0,0,0,0,0,0,0,0,0,0,0,0,0,0,0,0,0,0,0,0,0,0,0,0,0,0,0,0,0,0,0,0,0,0,0,0,0,0,0,0,0,0,0,0,0,0,0,0,0,0,0,0,0,0,0,0,0,0,0,0,0,0,0,0,0,0,0,1,0,0,0,0,0,0,0,0,0,0,0,0,0,0,0,0,0,0,0,0,0,0,0,0,0,0,0,0,0,0,0,0,0,0,0,0,0,0,0,0,0,0,0,0,0,0,0,0,0,0,0,0,0,0,0,0,0,0,0,0,0,0,0,0,0,0,0,0,0,0,0,0,0,0,0,0,0,0,0,0,0,0,0,0,0,0,0,0,0,0,0,0,0,0,0,0,0,0,0,0,0,0,0
30,5,3,4,13,0,9,3,13,0,4,4,4,3,3,6,3,0,0,4,0,5,0,6,3,1,0,4,0,0,0,0,5,1,3,0,4,0,0,1,0,2,0,1,0,5,0,0,0,1,0,0,0,1,0,0,0,2,0,0,0,0,0,1,0,0,0,1,1,0,0,0,6,4,6,0,0,0,2,1,0,0,0,0,0,1,0,0,1,0,0,0,0,0,0,0,1,0,0,0,0,0,0,0,0,0,0,0,0,3,0,0,0,0,0,0,0,0,0,1,0,0,0,0,0,2,0,0,0,0,0,0,0,0,0,0,0,0,0,0,0,1,0,1,0,0,0,0,1,0,0,0,0,0,0,2,0,0,0,0,0,0,0,0,0,0,0,0,0,0,0,0,0,0,0,0,0,0,0,1,0,0,0,0,0,0,0,0,1,0,0,0,0,2,1,0,0,0,0,0,1,0,1,0,0,0,0,0,0,0,0,0,0,0,0,0,0,0,0,0,0,0,0,0,0,0,2,0,1,1,0,0,0,0,0,0,0,0,0,0,0,0,1,0,0,0,0,1,0,0,0,0,0,0,0,0,0,0,0,0,0,0,0,0,0,0,0,0,0,0,0,0,0,0,0,0,0,0,0,0,0,0,0,0,2,1,0,0,0,0,0,0,0,0,0,0,0,0,0,0,0,0,0,0,0,0,0,0,0,0,1,0,0,0,0,0,0,0,0,0,0,0,0,0,0,0,0,0,0,0,0,0,0,0,0,1,0,0,0,0,0,0,0,0,0,0,0,0,0,0,0,0,0,0,0,0,0,0,0,0,0,0,0,0,0,0,0,0,0,0,0,0,0,0,0,0,0,0,0,0,1,0,0,0,0,0,0,0,0,0,0,0,0,0,0,0,0,0,0,0,0,0,0,0,0,0,0,0,0,0,0,0,0,0,0,0,0,0,0,0,0,0,0,0,0,0,0,0,0,0,0,0,0,0,0,0,0,0,0,0,0,0,0,0,0,0,0,0,0
24,4,3,0,3,0,5,1,4,0,2,1,5,2,3,1,4,0,0,2,0,2,0,8,1,0,0,1,0,0,0,0,1,4,4,0,2,0,0,0,0,3,0,0,0,0,0,0,0,0,0,0,0,1,0,0,0,2,2,0,0,0,0,0,0,0,0,1,1,0,1,0,3,0,2,0,0,0,0,1,0,0,1,0,0,0,0,0,1,0,0,0,2,0,0,0,0,0,0,0,0,0,1,0,0,0,0,1,0,0,0,0,0,0,0,0,0,0,0,0,0,0,0,1,0,0,0,0,0,0,0,0,0,0,0,0,1,0,0,0,0,0,0,0,0,0,0,0,0,0,0,0,0,0,0,0,0,0,0,1,0,0,0,0,0,0,0,0,0,0,0,0,0,0,0,0,0,0,0,0,0,0,0,0,0,0,0,0,0,0,0,0,0,0,0,0,0,0,0,0,0,0,0,0,0,0,0,0,0,0,0,0,0,1,0,1,0,0,0,0,0,0,0,0,0,0,0,1,0,0,1,1,0,0,0,0,0,0,0,0,0,0,1,0,0,0,0,1,1,0,0,0,0,0,0,0,0,0,0,0,0,0,0,1,1,0,0,0,0,0,0,0,0,0,0,0,0,0,0,0,0,0,0,0,0,1,1,0,0,0,0,0,0,0,0,0,0,0,1,0,0,0,0,0,0,0,0,0,0,0,0,0,0,0,0,0,0,0,0,0,0,0,0,0,0,0,0,0,0,0,0,0,0,0,0,0,0,0,0,0,0,0,0,0,0,0,0,0,0,0,0,0,0,0,0,0,0,0,0,0,0,0,0,0,1,0,0,0,0,0,0,0,0,0,0,0,0,0,0,1,0,0,0,0,0,0,0,0,0,0,0,0,0,0,0,0,0,0,0,0,0,0,0,0,0,0,0,0,0,0,0,0,0,0,0,0,0,0,0,0,0,0,0,0,0,0,0,0,0,0,0,0,0,0,0,0,0,0,0,0,0,0,0,0,0,0,0,0,0
22,6,3,1,8,0,10,2,9,0,2,1,4,2,3,8,12,1,0,1,0,1,1,7,5,2,0,2,2,0,1,1,0,0,3,0,2,0,1,0,0,1,0,1,0,0,0,1,0,0,0,1,0,0,0,0,0,0,2,0,0,0,0,0,0,0,0,0,0,0,1,0,3,1,2,0,0,0,0,0,0,0,0,0,0,2,0,0,0,0,0,0,0,0,0,1,2,0,0,0,0,0,2,0,0,0,0,1,0,1,0,0,0,0,0,0,0,0,0,1,1,0,0,1,0,0,0,0,0,0,0,0,0,0,1,0,0,0,0,0,0,1,0,0,0,0,0,0,1,0,0,0,0,0,0,0,0,0,0,0,0,0,0,0,0,0,0,0,0,0,0,0,0,0,0,0,0,0,0,0,0,0,0,0,0,0,0,0,1,1,0,0,0,2,1,1,1,0,0,0,0,0,0,0,0,0,0,0,0,2,0,0,0,0,0,0,0,0,0,0,0,0,0,0,0,0,0,0,0,0,0,2,0,0,0,0,0,0,0,0,0,0,1,0,0,0,0,0,0,0,0,0,0,0,0,0,0,0,0,0,0,0,0,1,1,0,0,0,0,0,0,0,0,0,0,0,0,0,0,0,0,0,0,0,0,0,1,0,0,0,0,0,0,0,0,0,0,0,0,0,0,0,0,0,0,0,0,0,0,0,2,0,0,0,0,0,0,0,0,0,0,0,0,0,0,0,0,0,0,0,0,0,0,0,0,0,0,0,0,0,0,0,0,0,0,0,1,0,0,0,0,0,0,0,0,0,0,0,0,0,0,0,0,0,0,0,1,0,1,0,0,0,0,0,0,0,0,0,0,0,0,0,0,0,0,0,0,0,0,0,0,0,0,0,0,0,0,0,1,0,0,0,0,0,0,0,0,0,0,0,0,0,0,0,0,0,0,0,0,0,0,0,0,0,0,0,0,0,0,0,0,0,0,0,0,0,0,0,0,0,0,0,0,0,0,0,0,0,0
21,5,5,2,5,0,9,1,7,0,2,1,5,4,1,3,4,0,0,1,0,0,0,6,1,0,0,2,1,0,0,0,1,2,3,1,2,0,0,1,0,1,0,2,0,0,0,1,0,2,1,0,0,0,0,0,0,1,2,0,0,0,0,0,0,0,0,0,0,0,0,0,1,2,1,0,0,0,0,1,0,0,1,0,0,1,0,0,1,0,0,0,1,0,0,1,2,0,0,0,0,0,0,0,0,0,0,0,0,1,0,0,0,0,0,0,0,0,0,0,1,0,0,1,0,0,0,0,0,0,0,0,0,0,0,0,0,0,0,0,0,1,0,1,0,0,0,0,0,0,0,0,0,0,0,0,0,0,1,2,0,0,0,1,0,0,0,0,0,0,0,0,2,0,0,0,0,0,0,0,0,1,0,0,0,0,0,0,1,0,0,0,0,0,0,0,0,0,0,0,0,0,0,0,0,0,0,0,0,0,0,0,0,1,1,1,0,0,0,0,0,0,0,0,0,0,0,0,1,0,0,1,0,0,0,0,0,0,0,0,0,0,0,0,0,0,0,1,0,0,0,0,0,0,0,0,0,0,0,0,0,0,0,0,0,0,0,0,0,0,0,0,0,0,1,0,0,0,0,0,0,0,0,0,0,0,0,0,0,0,0,0,0,0,0,0,0,0,0,0,0,0,0,0,0,0,0,0,0,0,0,1,0,0,0,0,0,0,0,0,0,0,0,0,0,0,0,0,0,0,0,0,0,0,0,0,0,0,0,0,0,0,0,0,0,1,0,0,0,0,0,0,0,0,0,1,0,0,0,0,0,0,0,0,0,0,0,0,0,0,0,0,0,0,0,0,0,0,0,0,1,0,0,0,0,0,0,0,0,0,0,0,0,0,0,0,0,0,0,0,0,0,0,0,0,0,0,0,0,0,0,0,0,0,0,0,0,0,0,0,0,0,0,0,0,0,0,0,0,0,0,0,0,0,0,0,0,0,0,0,0,0,0,0,0,0,0,0,0
17,10,3,1,13,0,7,3,14,0,3,2,5,8,1,4,4,1,0,3,0,0,1,5,1,1,0,2,1,0,1,2,5,2,4,0,0,0,0,1,0,0,0,1,0,1,0,0,0,2,0,0,0,0,0,1,0,1,0,0,0,0,0,1,0,0,0,0,0,0,0,0,0,1,1,0,0,0,0,1,0,0,0,0,0,0,0,0,1,0,0,0,0,0,0,1,2,0,0,0,0,0,0,0,0,0,1,0,0,0,0,0,0,0,0,0,0,0,0,2,0,0,0,1,0,1,3,1,0,0,0,0,0,0,0,0,0,0,0,0,0,0,0,0,0,0,0,0,0,0,2,0,0,0,0,0,0,0,1,1,0,0,0,1,0,0,0,0,0,0,0,0,0,0,0,0,0,0,0,1,1,0,0,0,0,0,0,0,0,0,0,0,0,0,0,0,1,0,0,0,2,0,0,0,0,0,0,0,0,0,0,0,0,2,1,0,0,0,0,0,0,0,0,0,0,0,1,0,0,0,0,0,0,0,0,0,0,0,0,0,0,0,0,0,1,0,0,0,0,0,0,0,0,0,0,0,0,1,1,0,1,0,0,1,0,0,0,0,0,0,0,0,0,0,0,0,0,0,0,0,0,0,0,0,0,0,0,0,0,0,0,0,0,0,0,0,0,0,0,0,0,0,0,0,0,0,0,0,0,0,0,0,0,0,0,0,0,0,0,0,0,0,0,0,1,0,0,0,0,0,0,0,0,0,0,0,1,0,0,0,0,0,0,0,0,0,0,0,0,0,0,0,0,0,0,0,0,0,0,0,0,0,0,0,0,0,0,0,0,0,0,0,0,0,0,0,0,0,0,0,0,0,0,0,0,0,0,0,0,0,0,0,0,0,0,0,0,0,0,0,0,0,0,0,0,0,0,0,0,0,0,0,0,0,0,0,0,0,0,0,0,0,0,0,0,0,0,0,0,0,0,0,0,0,0,0,0,0,0,0,0,0,0,0,0,0,0,0,0
32,8,6,3,11,0,10,3,13,0,10,1,6,8,2,3,3,0,0,8,0,2,1,8,2,2,0,3,0,0,1,0,3,4,8,0,0,0,0,0,0,0,0,3,2,2,0,4,0,0,0,0,0,1,0,0,0,2,1,0,0,0,0,0,0,0,0,2,0,0,0,0,1,4,2,0,0,1,1,1,0,0,1,0,0,1,0,0,1,0,0,1,1,0,0,1,2,0,0,0,1,0,1,0,0,0,0,1,0,0,0,0,0,0,0,0,0,0,0,2,2,0,0,1,0,2,0,0,0,0,0,0,0,0,0,0,1,0,1,0,0,0,0,0,0,0,0,0,0,0,0,1,0,0,0,1,0,0,0,2,0,0,0,0,0,0,0,0,0,0,0,0,0,0,0,2,1,0,0,1,0,0,0,0,0,0,0,0,0,0,0,0,0,0,1,0,1,0,0,0,0,0,1,0,1,0,0,0,0,0,0,0,0,0,0,0,1,0,0,0,0,0,0,0,0,0,0,0,1,1,1,0,0,0,0,0,0,1,0,0,0,2,0,0,0,0,0,0,0,0,0,0,0,0,0,0,0,0,0,0,0,0,0,0,0,0,0,0,0,0,0,0,1,0,0,0,1,0,0,0,0,0,0,0,0,2,0,0,0,0,0,0,0,0,0,0,0,0,1,0,0,0,0,0,0,0,0,0,0,0,0,0,0,0,0,0,0,0,0,0,0,0,0,1,0,0,0,0,0,0,0,0,0,0,0,0,0,0,0,0,0,0,0,0,0,0,0,1,0,0,0,0,0,0,0,0,0,0,0,0,0,0,0,0,0,1,0,0,0,0,0,0,0,0,0,0,0,0,0,0,0,0,0,0,0,0,0,1,0,0,0,0,0,0,0,0,0,0,0,0,0,0,0,0,0,0,0,0,0,0,0,0,0,0,0,0,0,0,0,0,0,0,0,0,0,0,0,0,0,0,0,0,0,0,0,0,0,0,0,0,0,0,0,0,0,0,0,0,0
47,18,8,2,15,0,21,2,13,0,6,2,10,9,5,3,4,0,0,11,0,2,1,5,6,4,2,0,2,0,2,1,4,2,2,2,1,0,1,0,0,3,0,1,1,1,0,2,0,1,0,0,0,2,0,0,0,1,2,0,0,1,0,0,0,0,0,2,1,0,1,0,2,1,2,0,0,0,1,3,0,0,2,0,0,2,0,1,2,0,0,0,1,0,0,0,1,0,0,0,2,0,1,1,0,0,0,0,0,2,0,0,1,0,0,0,0,1,0,1,0,0,0,0,0,3,1,2,0,0,0,0,0,0,1,1,0,0,0,0,0,0,0,0,0,0,0,0,2,0,0,0,0,0,0,0,0,0,1,0,0,0,0,1,0,0,0,1,0,0,0,0,0,0,0,0,0,1,0,1,1,0,0,0,1,0,0,0,0,0,0,0,0,0,1,0,0,0,0,0,1,0,2,0,0,0,0,0,0,1,0,0,0,0,0,0,0,0,0,0,0,0,0,0,0,0,0,0,0,0,0,0,0,0,0,0,0,0,0,0,0,3,2,0,0,0,0,0,0,0,0,0,0,0,0,0,0,0,0,1,0,0,0,0,0,0,1,0,0,0,0,0,0,0,0,2,0,0,0,0,0,0,0,0,0,0,0,0,0,0,0,0,0,0,0,0,0,0,1,0,0,0,0,0,0,0,0,0,0,0,0,0,0,0,0,0,0,0,0,0,0,0,0,0,0,0,0,0,0,0,0,0,0,0,0,0,0,0,0,0,0,0,0,0,0,0,0,1,0,0,0,0,0,0,0,0,0,0,0,0,0,0,0,0,0,0,0,0,1,0,0,0,0,0,0,0,0,0,0,0,0,0,0,0,0,0,0,1,0,0,0,0,0,0,0,0,0,0,0,0,0,0,0,0,0,0,0,0,0,0,0,0,0,0,0,0,0,0,0,0,0,0,0,0,0,0,0,0,0,0,0,0,0,0,0,0,0,0,0,0,0,0,0,0,0,0,0,0,0
41,14,9,5,12,0,18,2,20,0,7,5,5,8,4,7,4,2,0,2,0,5,0,1,1,4,3,5,2,0,5,0,0,1,3,1,1,0,1,1,0,2,0,4,1,2,0,7,0,1,0,0,0,1,0,4,0,2,1,0,0,1,0,2,0,0,0,1,0,0,0,0,4,2,1,0,0,0,0,0,0,0,2,0,0,1,0,0,0,0,0,0,0,0,0,1,1,0,0,0,1,0,0,0,0,0,0,0,0,2,0,0,0,0,0,0,0,0,1,1,0,0,0,1,0,0,0,2,0,0,0,0,0,0,0,0,1,0,0,0,0,0,0,0,0,0,0,0,0,0,0,0,0,0,0,1,0,0,0,0,0,0,0,0,0,0,0,1,0,0,0,0,0,0,0,0,0,1,0,0,0,0,0,0,0,0,1,0,0,1,1,1,0,1,0,0,0,0,1,0,0,0,0,0,0,0,0,0,0,0,0,0,0,0,1,2,0,0,0,0,0,0,0,0,0,0,0,0,0,0,0,0,0,0,1,0,0,0,0,0,0,1,0,0,0,0,0,0,1,1,0,0,0,0,0,0,0,0,0,0,0,0,0,2,0,0,0,0,0,0,0,0,0,0,0,1,2,0,0,0,0,0,0,0,0,1,0,0,0,0,0,0,0,0,0,0,0,0,0,0,0,0,0,0,0,0,0,0,0,0,0,0,0,0,0,0,0,0,0,0,0,0,0,0,0,0,0,0,0,0,0,0,0,0,0,0,0,0,0,0,0,0,0,0,0,0,0,0,0,0,0,0,0,0,0,0,0,0,0,0,0,0,0,0,0,0,0,0,0,0,0,0,0,0,0,0,0,0,0,0,0,0,0,0,0,0,0,0,0,0,0,0,0,0,0,0,0,0,0,0,0,0,0,0,0,0,0,0,0,0,0,0,0,0,0,0,0,0,0,0,0,0,0,0,0,0,0,0,0,0,0,0,0,0,0,0,0,0,0,0,0,0,0,0,0,0,0,0,0
38,10,6,3,13,0,18,6,11,0,5,5,7,9,1,2,3,0,0,1,0,2,0,7,3,5,6,3,4,1,1,0,4,4,6,4,3,0,1,0,0,2,0,1,2,3,0,1,0,2,0,3,0,0,0,1,0,1,2,1,0,0,0,1,0,1,0,2,0,0,2,0,2,0,3,0,0,0,0,0,0,0,0,0,1,2,0,0,0,1,0,0,1,0,0,0,1,0,0,0,0,0,2,0,0,0,1,1,0,2,0,0,0,0,0,0,0,1,0,0,0,0,0,0,0,2,0,0,0,0,0,0,0,0,0,0,2,0,0,0,0,1,0,2,0,0,0,0,0,0,0,0,0,0,0,0,0,0,0,1,0,0,0,0,0,0,0,0,0,0,0,0,0,0,0,0,0,3,0,0,0,0,0,0,1,0,1,0,0,0,0,1,0,0,2,1,0,0,0,0,0,0,0,0,0,0,0,0,0,0,0,0,0,0,0,0,1,0,0,0,0,0,0,1,0,0,0,0,0,1,0,0,0,0,0,0,0,1,0,0,0,0,0,0,1,0,0,0,0,0,0,0,0,0,0,0,0,0,2,1,0,0,0,0,0,0,0,0,0,0,0,0,1,0,0,0,0,0,0,0,0,0,0,0,0,0,0,0,0,0,0,0,0,0,0,0,0,1,0,0,0,0,0,0,0,0,0,0,0,0,0,0,0,0,0,1,0,0,0,0,0,0,0,0,0,0,1,0,0,0,0,0,0,0,1,0,1,0,0,0,0,0,0,0,0,0,0,0,0,0,0,0,0,0,0,0,0,0,0,0,0,0,0,0,0,0,0,0,0,0,0,0,0,0,0,0,0,0,0,0,0,0,0,0,0,0,0,1,0,0,0,0,0,0,0,0,0,0,0,0,0,0,0,0,0,0,0,0,0,0,0,0,0,0,0,0,0,0,0,0,0,0,0,0,0,0,0,0,0,0,0,0,0,0,0,0,0,0,0,0,0,0,0,0,0,0,0,0,0
32,9,7,0,17,0,16,9,7,0,5,0,6,4,3,12,5,1,0,3,0,1,0,7,1,3,5,1,2,0,1,3,3,1,7,1,1,0,0,1,0,1,0,0,0,2,0,1,0,2,3,0,0,2,0,1,0,2,1,1,0,0,0,0,0,0,0,1,0,0,1,0,0,2,1,0,0,1,0,0,0,0,1,0,1,1,0,0,1,0,0,0,0,0,0,0,0,0,0,0,0,0,1,0,0,0,0,1,0,2,0,0,0,0,0,0,0,0,1,0,1,0,0,1,0,0,1,0,0,0,0,0,0,0,0,0,1,0,0,0,0,0,0,1,2,0,0,0,1,0,0,0,0,0,0,0,0,0,0,1,0,0,0,0,0,0,0,0,0,0,0,0,0,1,0,3,0,0,1,0,0,0,0,0,1,0,1,0,0,0,0,0,0,0,0,1,0,0,0,0,0,0,1,0,0,0,0,0,0,1,0,0,0,1,0,0,0,0,0,0,0,0,1,1,0,0,0,0,0,1,0,0,0,0,0,0,0,1,0,0,0,0,0,1,0,0,0,0,0,0,0,0,0,0,0,0,0,0,0,1,0,0,0,0,0,0,0,0,0,0,0,0,0,0,0,0,0,0,0,0,0,0,0,0,0,0,0,0,0,0,0,0,0,0,0,0,0,1,0,0,0,0,0,0,0,0,0,0,0,0,0,0,0,0,0,0,0,0,0,0,0,0,0,0,0,0,0,0,0,0,0,0,0,0,0,0,0,0,0,0,0,0,0,0,0,0,0,0,0,0,0,0,0,0,0,0,0,0,0,0,0,0,0,0,0,1,0,0,0,1,0,0,0,0,0,0,0,0,0,0,0,0,0,0,0,0,0,0,0,0,0,0,0,0,0,0,0,0,0,0,0,0,0,0,0,0,0,0,0,0,0,0,0,0,0,0,0,0,0,0,0,0,0,0,0,0,0,0,0,0,0,0,0,0,0,0,0,0,0,0,0,0,0,0,0,0,0,0,0
42,16,12,1,18,0,9,3,12,0,5,4,5,8,5,7,6,0,0,6,0,4,0,3,7,6,3,1,4,1,3,4,2,7,5,0,4,0,1,1,0,3,0,3,2,2,1,2,0,1,0,3,0,3,0,0,0,1,2,0,1,0,0,0,0,1,0,1,0,1,0,0,2,3,0,0,0,0,0,0,1,0,3,0,1,2,0,1,2,2,0,0,1,0,0,0,0,2,0,0,1,0,0,1,0,0,1,0,0,0,0,0,2,0,0,0,0,1,0,0,0,0,0,2,0,0,0,0,0,0,0,0,0,0,0,2,2,0,1,0,0,0,0,1,1,0,0,0,0,0,0,0,0,0,0,0,0,0,0,0,0,0,0,0,0,0,0,1,0,0,0,0,1,0,0,2,0,0,0,0,0,0,0,0,0,2,2,0,0,0,0,0,0,1,0,0,0,0,0,0,0,0,0,0,0,0,0,0,0,0,0,0,0,0,1,0,0,0,0,0,0,0,0,0,0,0,0,0,0,1,0,0,1,0,0,0,0,1,1,0,0,0,1,0,0,0,0,1,0,0,0,0,0,0,0,0,0,0,0,0,0,1,0,0,0,0,0,0,0,0,0,0,1,0,0,0,2,0,0,0,0,0,0,0,0,0,0,0,0,0,0,0,0,0,0,0,0,0,0,1,0,0,0,0,0,0,0,0,0,0,0,0,0,0,0,0,0,0,0,0,0,0,0,0,0,0,0,0,0,0,0,0,0,1,0,0,0,0,0,0,0,0,0,0,1,0,0,0,0,0,0,0,0,0,0,0,0,0,0,0,0,0,0,0,0,0,0,0,0,1,0,0,0,0,0,0,0,0,0,0,0,0,0,0,0,0,0,0,0,0,0,0,0,0,0,0,0,0,0,0,0,0,0,0,0,0,0,0,0,0,0,0,0,0,0,0,0,0,0,0,0,0,0,0,0,0,0,0,0,0,0,0,0,0,0,0,0,0,0,0,0,0,0,0,0,0,0,0,0
37,10,10,3,12,0,11,2,15,0,4,2,7,7,5,7,9,1,0,6,0,2,1,2,5,3,3,6,2,0,2,2,1,4,3,0,3,2,2,0,0,2,0,2,7,2,3,4,0,1,1,4,0,2,0,2,1,5,3,0,0,0,1,0,0,4,0,2,1,0,3,0,1,0,2,3,0,1,2,1,0,0,0,0,0,1,0,0,2,0,0,0,4,0,0,0,0,1,0,0,0,0,0,0,0,0,1,0,0,0,0,0,0,0,0,0,0,4,1,0,0,0,0,1,0,0,2,0,0,0,0,0,0,0,0,0,1,1,0,0,0,1,0,1,2,0,0,0,0,0,1,0,0,0,0,1,0,0,1,1,0,0,0,0,0,0,0,0,0,0,0,0,0,0,0,0,0,0,0,0,0,0,0,0,0,1,2,0,0,0,0,0,0,0,1,0,0,0,0,0,0,0,0,0,2,1,0,0,0,0,0,0,0,1,0,0,0,0,0,0,0,0,0,0,0,0,0,0,0,0,0,1,0,1,0,0,0,0,0,0,0,1,3,0,0,0,0,0,0,1,0,0,0,0,0,0,0,0,1,0,0,0,0,0,0,0,0,0,0,0,0,0,0,0,0,0,0,0,0,0,0,0,0,0,1,1,0,0,0,0,0,0,0,0,0,0,0,0,0,0,0,0,0,0,0,0,0,0,0,0,0,0,0,0,0,0,0,0,0,0,0,0,0,0,0,0,1,0,0,0,0,0,0,0,0,0,0,0,0,0,0,0,0,0,0,0,0,1,1,0,0,0,0,0,0,0,0,0,0,0,0,0,0,0,0,0,0,0,0,0,0,0,0,0,0,0,0,0,0,0,0,0,0,0,0,0,0,0,0,0,0,0,0,0,0,0,0,0,0,0,0,1,0,0,0,0,0,0,0,0,0,0,0,0,0,0,0,0,0,0,0,0,0,0,0,0,0,0,0,0,0,0,0,0,0,0,0,0,0,0,0,0,0,0,0,0,0,0,0
46,20,24,8,6,2,20,9,11,4,5,2,3,7,10,14,3,2,0,2,0,3,4,5,1,8,1,5,4,0,7,4,9,5,5,0,4,3,1,2,0,1,4,4,3,3,4,5,0,2,3,3,0,5,0,1,1,1,1,0,1,0,0,0,0,1,0,0,0,1,0,0,1,3,3,0,0,0,1,0,1,0,0,0,1,1,0,2,0,0,0,0,1,0,0,1,2,2,1,1,0,0,0,2,0,0,0,0,0,0,0,0,1,0,0,0,0,1,0,0,0,0,0,0,0,1,3,1,1,0,0,1,0,0,1,0,0,9,1,0,0,2,0,1,0,0,1,0,0,0,0,0,0,1,0,1,0,0,0,0,0,0,0,0,0,0,0,0,0,0,0,0,0,0,0,0,1,0,1,0,0,0,0,0,1,1,1,0,0,0,1,0,0,1,1,1,0,1,0,0,0,0,1,0,0,0,0,0,0,0,0,0,0,0,2,1,1,0,0,0,0,0,1,0,0,0,0,0,0,0,0,1,1,0,0,0,0,0,0,0,0,0,0,0,0,0,0,1,2,0,0,1,0,0,0,0,0,0,0,0,0,0,0,0,1,0,0,0,0,0,0,0,0,0,0,1,0,0,0,0,0,0,0,0,0,0,0,0,0,0,0,0,0,0,0,0,0,0,0,0,0,0,0,0,0,0,0,0,0,0,1,1,0,0,0,0,0,0,0,0,0,0,0,0,0,0,0,0,0,0,0,0,0,0,0,0,0,0,0,0,0,0,0,0,0,0,0,0,1,1,0,0,0,0,0,0,0,0,0,0,0,0,0,0,0,0,0,0,0,0,0,0,0,0,0,0,0,0,0,0,0,2,0,0,0,0,0,0,0,0,0,0,0,0,0,0,0,0,0,0,0,0,0,0,0,0,0,0,0,0,0,0,0,0,0,0,0,0,0,0,0,1,0,0,0,0,0,0,0,0,0,0,0,0,0,0,0,0,0,0,1,0,0,0,0,0,0,0,0
62,26,19,9,21,1,20,13,20,4,14,9,4,16,6,21,4,5,0,10,0,1,0,9,5,5,4,2,2,1,1,1,2,5,3,4,1,2,3,2,0,0,0,6,0,1,2,5,3,1,2,0,0,3,0,2,1,2,0,0,1,0,1,1,0,2,0,1,2,2,0,0,1,2,3,2,0,0,0,0,0,0,1,0,0,0,0,1,0,0,0,4,2,0,0,0,0,0,0,0,3,2,1,0,0,0,1,0,1,0,0,0,3,1,0,0,0,1,0,2,1,0,0,0,0,1,1,0,1,0,0,0,1,0,1,0,1,1,2,1,0,1,0,0,0,0,0,0,1,0,1,2,0,0,0,0,2,0,0,0,1,4,0,1,0,0,0,0,0,0,0,0,0,0,0,0,0,1,0,2,0,0,0,0,0,0,0,0,0,1,0,0,0,0,0,0,0,1,0,0,0,0,0,0,1,1,0,0,0,0,0,0,0,0,0,1,0,0,0,0,0,0,1,2,0,0,0,0,0,0,2,0,0,0,0,0,0,0,0,0,0,1,0,0,0,1,0,0,0,0,0,0,0,0,0,0,0,0,0,0,0,1,0,0,0,1,0,0,0,0,0,0,0,0,0,0,0,0,0,0,0,0,0,0,0,0,1,0,0,0,0,0,0,0,0,0,0,0,0,2,0,0,0,0,0,0,0,0,0,0,0,0,0,0,0,0,0,0,0,0,0,0,0,0,0,0,0,1,0,0,0,0,0,0,0,0,0,0,0,0,0,0,0,0,1,1,0,0,0,0,3,0,0,0,0,0,0,0,0,0,0,0,0,0,0,0,0,0,0,0,0,0,0,0,0,0,0,0,0,0,0,0,2,1,0,0,0,0,0,0,0,0,0,0,0,0,0,0,0,0,0,0,0,0,0,0,0,0,0,0,0,0,0,0,0,0,0,0,0,0,0,0,0,0,0,0,0,0,0,0,0,0,0,0,0,0,0,0,0,0,0,0,0,0,0,0,0,0,0
44,24,12,7,9,2,14,2,12,2,10,7,7,11,7,9,13,4,0,9,0,3,2,6,5,4,6,6,5,0,7,5,3,5,1,0,6,2,1,1,0,1,1,6,0,4,3,4,2,4,6,4,0,2,0,2,1,1,1,2,0,2,0,1,0,1,0,3,0,1,2,0,4,2,3,1,0,1,1,2,1,0,0,0,2,1,0,1,2,1,0,1,1,0,0,1,0,2,0,1,0,1,1,2,0,0,1,0,0,2,0,0,0,0,0,0,0,2,0,1,1,0,0,0,0,1,2,3,1,0,0,0,0,0,0,0,1,1,0,0,0,0,0,0,0,0,0,0,2,0,0,3,0,1,0,1,1,0,3,2,1,2,0,0,0,0,0,0,0,0,0,0,0,0,0,0,0,2,1,0,1,0,2,0,0,0,0,0,0,1,0,1,0,0,2,1,0,0,1,0,0,0,0,1,0,1,0,0,0,0,0,0,0,2,0,1,0,0,0,0,0,0,1,0,0,0,0,2,0,1,0,0,0,1,0,0,0,0,0,0,0,0,1,0,0,0,0,0,0,0,0,0,0,0,0,0,0,0,1,0,0,0,0,0,0,0,0,0,0,0,0,0,0,0,2,0,0,0,0,0,0,0,0,0,0,0,0,0,0,0,0,0,0,0,0,0,0,0,0,0,0,0,0,0,0,0,0,0,0,0,0,0,0,0,0,0,0,0,0,0,0,0,0,0,0,1,0,1,0,0,0,0,0,0,0,0,0,0,0,0,0,0,0,0,0,0,0,0,0,0,0,0,0,0,0,0,0,0,0,0,0,0,0,0,0,0,0,0,0,0,0,0,0,0,0,0,0,0,0,0,0,0,0,0,0,0,0,0,0,0,0,0,0,0,0,0,0,0,0,0,0,0,0,0,0,0,0,0,0,0,0,0,0,0,0,0,0,0,0,0,0,0,0,0,0,0,0,0,0,0,0,0,0,0,0,0,0,0,0,0,0,0,0,0,0,0,0,0,0
53,24,29,11,19,2,21,18,10,2,12,7,9,12,10,16,8,7,0,8,0,10,1,7,10,7,6,9,2,4,4,2,8,4,6,3,5,3,4,0,0,6,6,5,3,2,2,2,4,0,3,0,0,1,0,3,3,3,1,2,0,3,0,1,2,0,0,4,0,0,1,0,0,4,4,0,0,0,1,0,2,0,1,0,2,1,0,1,0,0,0,3,1,0,0,3,1,0,0,0,0,0,0,0,0,0,0,1,0,1,0,0,2,0,0,0,0,3,1,1,2,1,0,0,0,0,1,2,4,0,0,1,1,0,0,0,0,0,1,2,0,0,0,1,1,0,0,0,1,0,1,2,0,0,0,0,0,1,0,0,2,1,0,0,0,0,0,1,2,0,0,0,1,4,0,0,2,0,0,1,0,1,1,0,0,0,1,0,0,0,0,0,0,0,0,0,0,0,1,0,0,0,0,0,0,0,0,0,0,0,0,0,0,1,0,0,0,0,0,0,0,0,0,1,0,0,1,0,2,1,0,0,0,2,0,0,0,1,0,0,1,0,1,0,0,0,0,0,0,0,0,0,0,0,0,0,0,3,0,0,0,0,0,0,0,0,0,0,0,0,0,0,0,2,1,0,0,0,0,0,0,0,0,0,0,0,0,0,0,0,0,0,0,0,0,0,0,0,0,0,2,0,0,0,0,0,0,0,0,0,0,0,0,0,0,0,0,0,0,0,0,0,0,0,0,0,1,1,2,0,0,0,0,0,0,0,0,0,0,0,0,0,0,0,0,0,0,0,0,0,0,0,0,0,0,0,0,0,0,0,0,0,0,0,0,0,0,0,0,0,0,0,0,0,0,0,0,0,0,0,0,0,0,0,0,0,0,0,0,0,0,0,0,0,0,0,0,0,0,0,0,0,0,0,0,0,0,0,0,0,0,0,0,0,0,0,0,0,0,0,0,0,0,0,0,0,0,0,0,0,0,0,0,0,0,0,0,0,0,0,0,0,0,0,0,0,0,0,0
40,27,15,10,18,2,17,19,15,2,11,11,5,14,6,16,7,7,0,6,0,11,3,8,10,2,6,5,9,1,6,4,3,3,5,3,2,4,4,1,3,5,5,7,1,2,0,3,5,0,3,1,0,2,0,2,1,0,4,0,3,2,2,3,2,1,0,1,1,1,0,0,0,5,4,0,0,0,0,0,1,0,1,0,1,2,0,2,0,1,0,2,1,0,0,2,1,0,3,0,2,1,2,4,0,0,0,2,0,0,0,0,0,0,0,0,0,0,1,1,1,0,0,1,0,0,1,0,2,0,0,0,0,0,2,0,1,2,2,0,0,2,0,0,1,0,0,0,0,0,0,2,0,0,0,0,1,0,0,1,0,1,0,0,0,0,0,1,1,0,0,0,1,1,0,2,0,1,0,2,0,0,1,0,0,2,0,0,0,0,0,0,0,0,2,1,0,0,3,0,0,0,0,0,0,0,0,0,0,2,0,0,0,0,0,0,0,0,0,0,0,0,0,0,0,0,1,0,1,0,2,0,0,0,1,0,0,0,0,0,0,0,0,0,1,0,0,0,0,0,0,0,0,0,0,0,0,0,0,0,0,0,0,0,0,0,0,0,0,0,0,0,0,0,0,0,0,0,0,0,0,0,0,0,1,0,0,0,0,0,0,0,0,0,0,0,0,0,0,0,0,0,0,0,0,0,0,0,0,0,0,1,0,0,0,0,0,0,0,0,0,0,0,1,0,0,0,1,0,0,0,0,0,0,0,0,0,1,0,0,0,0,0,0,0,0,0,0,0,1,0,0,0,0,0,0,0,0,0,0,0,0,0,0,0,0,0,0,0,0,0,0,0,0,0,0,0,0,0,0,0,0,0,0,0,0,0,0,0,0,0,0,0,0,0,0,0,0,0,0,0,0,0,0,0,0,0,0,0,0,0,0,0,0,0,0,0,0,0,0,0,0,0,0,0,0,0,0,0,0,0,0,0,0,0,0,0,0,0,0,0,0,0,0,0,0,0,0,0
43,28,26,14,21,5,23,4,13,5,7,10,5,10,8,17,5,6,0,4,0,3,8,1,3,7,5,3,3,0,4,4,2,2,1,0,5,0,3,1,1,2,3,0,3,0,1,6,2,1,4,1,0,4,0,3,6,1,2,1,1,1,4,4,2,1,0,0,1,1,4,0,2,4,0,1,0,1,1,0,2,0,2,0,0,3,0,1,1,1,0,2,1,0,0,0,2,1,1,2,2,0,1,0,1,0,1,0,2,3,0,0,0,2,0,0,0,0,2,0,0,0,0,0,0,0,1,0,0,0,0,0,0,0,0,0,0,1,0,3,0,0,0,0,0,0,0,0,0,0,0,0,0,0,0,1,2,0,1,0,1,0,0,0,0,0,0,1,0,0,0,0,1,0,0,0,1,0,1,2,0,0,0,2,0,0,1,0,0,1,0,1,0,0,0,0,0,0,2,0,0,0,0,0,0,0,0,0,0,0,0,0,0,0,0,0,0,0,0,0,0,0,0,0,0,0,0,0,0,0,0,0,0,0,0,0,0,0,0,0,0,0,3,0,1,1,0,0,0,0,2,1,0,0,0,0,0,0,0,1,0,1,0,0,1,0,0,0,0,0,0,0,0,1,0,0,0,0,0,0,0,0,0,0,0,0,0,0,0,0,0,0,0,0,0,0,0,0,2,0,0,0,0,0,0,0,0,0,0,0,1,0,1,0,0,0,0,0,0,0,0,0,0,0,0,1,0,0,0,0,0,0,0,0,0,0,0,0,0,0,0,0,0,0,0,0,0,0,0,0,0,1,0,0,0,0,0,0,0,0,0,0,0,0,0,0,1,0,0,0,0,0,0,0,0,0,0,0,0,0,0,0,0,0,0,0,0,0,0,0,0,0,0,0,0,0,0,0,0,0,0,0,0,0,0,0,0,0,0,0,0,0,0,0,0,0,0,0,0,0,0,0,0,0,0,0,0,0,0,0,0,0,0,0,0,0,0,0,0,0,0,0,0,0,0,0,0,0,0
60,18,13,12,10,1,24,9,20,0,14,11,9,12,6,12,4,2,0,7,0,6,1,9,4,5,3,7,6,2,8,1,4,2,4,0,5,4,2,1,2,4,2,5,2,3,5,11,2,1,3,3,1,1,0,2,1,6,3,0,2,2,1,2,4,1,0,4,2,3,0,0,3,5,0,0,0,1,1,1,0,1,2,0,3,2,0,3,0,2,0,1,1,0,0,3,3,1,2,1,3,0,2,2,0,0,1,0,0,0,0,0,0,0,0,0,0,1,0,0,1,0,0,0,0,3,3,1,0,0,0,1,0,0,0,0,1,2,0,0,0,0,0,1,2,0,0,0,2,0,0,2,0,0,0,2,1,2,0,0,1,0,0,0,0,0,0,0,0,0,0,0,0,1,0,1,0,1,3,1,0,0,0,0,0,1,1,0,1,1,1,0,0,0,2,1,0,0,0,0,0,0,0,0,1,4,0,0,0,1,0,0,0,1,0,0,0,0,0,0,0,0,1,0,0,0,0,1,0,0,0,0,0,0,0,0,0,0,0,0,0,0,0,2,2,0,0,0,0,0,0,1,0,0,0,0,0,1,0,1,0,0,0,0,0,0,0,0,0,0,0,0,0,0,0,1,0,1,0,0,0,0,0,0,0,0,1,0,0,0,0,0,0,0,0,0,0,0,0,0,0,0,0,0,0,0,0,0,0,0,0,0,1,0,0,0,0,0,0,0,0,0,0,0,0,0,0,0,0,0,0,0,0,1,1,0,0,0,0,0,0,0,0,0,0,0,0,0,0,0,0,0,1,0,0,0,0,0,0,0,0,0,0,0,0,0,0,0,0,0,0,0,0,0,0,0,0,0,0,0,0,0,0,1,2,1,0,0,0,0,0,0,0,0,0,0,0,0,0,0,0,0,0,0,0,0,0,0,0,0,0,0,0,0,0,0,0,0,0,0,0,0,0,0,0,0,0,0,0,0,0,0,0,0,0,0,0,0,0,0,0,0,0,0,0,0,0,0,0
79,28,22,19,22,2,15,16,12,11,10,8,9,12,7,12,10,7,0,6,0,7,4,9,8,4,3,4,4,5,6,4,3,2,5,2,6,4,0,2,2,6,2,1,5,6,5,4,4,1,3,4,4,4,0,3,2,5,0,1,2,0,1,5,4,2,0,2,1,0,3,0,1,7,1,0,0,4,3,0,1,1,1,0,4,0,0,1,0,4,0,2,0,0,0,0,1,2,1,2,1,1,4,1,0,0,1,3,3,1,0,0,1,1,2,0,0,0,0,1,0,1,0,1,0,0,0,0,0,0,0,0,2,0,1,0,1,4,1,2,0,0,2,1,1,0,0,0,1,0,0,2,0,0,0,0,0,1,2,0,1,1,0,0,0,0,0,0,1,0,0,0,1,0,0,2,2,1,1,1,0,0,0,1,0,0,0,0,0,1,0,0,0,0,0,0,0,0,2,0,1,0,1,1,0,3,0,0,0,0,0,0,0,0,2,0,1,0,0,0,0,0,1,0,1,0,0,0,0,1,0,0,0,0,0,0,0,1,0,0,1,0,0,0,0,0,0,0,0,0,0,0,0,0,0,0,0,0,2,0,0,0,0,0,0,0,0,0,0,0,0,0,0,0,0,0,0,0,0,0,0,0,0,0,0,0,1,2,1,0,0,0,0,0,0,0,0,0,0,0,0,0,0,0,0,0,0,0,0,0,0,0,0,0,0,0,0,0,0,0,0,0,0,0,0,0,0,0,0,0,0,0,0,0,0,0,0,0,0,0,0,0,0,0,0,0,0,1,0,0,0,0,0,1,0,0,0,0,0,0,0,0,0,0,0,0,0,0,0,0,0,0,0,0,0,0,0,0,0,0,0,0,0,0,0,0,0,0,0,0,0,0,0,0,0,0,0,0,0,0,0,0,0,0,0,0,0,0,0,0,0,0,0,0,0,0,0,0,0,0,0,0,0,0,0,0,0,0,0,0,0,0,0,0,0,0,0,0,0,0,0,0,0,0,0,0,0,0,0
69,39,33,17,18,15,22,18,11,6,13,13,12,16,5,12,4,4,0,4,0,7,4,6,4,8,4,2,5,3,4,9,4,7,2,1,4,2,5,0,3,6,5,8,2,3,4,9,3,0,6,2,1,5,0,1,1,1,2,2,3,5,3,0,1,1,0,5,3,0,2,0,3,3,1,6,0,2,2,1,2,2,7,0,1,4,0,0,4,1,0,2,0,0,0,2,1,2,0,1,2,0,1,0,0,0,0,1,1,2,0,0,1,2,2,1,0,4,0,4,0,0,0,2,0,0,1,0,0,0,0,2,0,0,0,1,0,0,0,2,0,2,0,0,0,0,0,0,0,0,1,1,0,0,0,3,0,0,1,0,2,0,0,0,0,0,0,1,0,0,0,0,1,0,0,1,0,0,1,0,0,0,0,0,1,1,0,0,0,1,1,0,0,1,0,1,1,1,2,0,1,0,0,2,0,0,0,0,0,1,0,0,0,0,0,1,1,0,0,0,0,0,0,1,0,0,0,0,0,1,0,0,0,0,0,0,0,0,0,0,0,0,0,0,0,2,0,1,0,0,0,0,0,0,0,0,0,0,0,0,1,0,0,0,0,0,0,0,0,0,0,0,0,0,0,0,0,1,0,0,0,0,0,0,0,0,0,0,1,0,0,0,0,0,0,0,0,0,0,0,0,0,0,0,0,0,0,0,0,0,0,0,0,0,0,0,0,0,0,0,0,0,0,0,0,0,0,0,0,0,0,0,0,0,0,0,0,2,0,0,0,0,0,0,0,0,0,0,1,0,0,0,1,0,0,0,0,0,0,0,0,0,0,0,0,0,0,0,0,0,0,0,0,0,0,0,0,0,0,0,0,0,0,1,0,1,0,0,0,0,0,0,0,0,0,0,0,0,0,0,0,0,0,0,0,0,0,0,0,0,0,0,0,0,0,0,0,0,0,0,0,0,0,0,0,0,0,0,0,0,0,0,0,0,0,0,0,0,0,0,0,0,0,0,0,0,0,0,0
47,20,17,10,12,7,18,9,7,4,3,4,11,8,8,6,2,4,0,5,0,4,3,5,2,3,7,3,3,3,4,2,3,1,3,0,1,4,5,1,4,1,0,2,4,1,4,9,2,3,1,2,0,5,0,2,0,1,0,2,0,2,1,0,2,5,0,3,2,1,1,0,0,2,0,3,0,1,2,0,1,1,1,0,1,2,0,2,0,1,0,1,3,0,0,1,1,1,2,1,2,0,0,1,0,0,1,2,1,0,0,0,0,1,0,1,3,0,2,2,1,2,0,1,0,0,0,0,1,0,0,2,0,0,0,0,1,1,0,1,0,0,1,1,0,0,0,0,0,0,0,0,0,1,0,4,0,0,1,0,0,0,0,0,0,0,0,0,0,0,0,0,2,0,0,0,1,0,1,1,0,0,0,1,0,0,0,0,0,1,0,0,0,0,0,0,1,0,0,0,0,0,1,0,0,0,0,0,0,0,1,0,0,0,1,0,0,0,0,0,0,0,0,0,1,1,0,0,0,0,0,0,0,0,0,0,0,1,0,2,0,0,0,0,0,0,0,0,1,0,1,0,0,0,1,0,0,0,0,0,0,1,0,0,0,0,0,0,0,0,0,0,0,0,0,0,0,1,0,0,0,0,0,0,0,1,1,0,0,0,0,0,0,0,0,0,0,0,0,0,0,0,0,0,0,0,0,0,0,0,1,0,0,0,0,0,0,0,0,0,0,0,0,0,0,0,0,0,0,0,0,0,0,0,0,0,0,0,0,0,0,0,0,0,0,0,0,0,0,0,0,0,0,1,0,0,0,0,0,0,0,0,0,0,0,0,0,0,0,0,0,0,0,0,0,0,0,0,0,0,0,0,0,0,0,0,0,0,0,0,0,0,0,0,0,0,0,0,0,1,0,0,0,0,0,0,0,0,0,0,0,0,0,0,0,0,0,0,0,0,0,0,0,0,0,0,0,0,0,0,0,0,0,0,0,0,0,0,0,0,0,0,0,0,0,0,0,0,0
50,31,31,13,17,8,11,19,8,10,6,9,6,12,8,13,8,3,0,4,0,1,7,2,11,2,4,9,5,5,4,2,4,1,3,2,4,3,2,3,1,1,1,7,0,5,1,5,2,2,3,1,4,1,0,0,2,4,1,1,2,1,0,1,0,0,0,1,0,1,0,0,3,1,1,4,0,0,1,1,0,0,1,0,2,3,0,1,1,0,0,1,1,0,0,3,2,3,2,0,2,1,1,0,0,0,0,1,3,0,0,0,0,1,1,0,0,2,0,0,1,0,0,0,0,0,2,1,0,0,0,1,2,1,2,1,0,3,1,4,0,0,0,2,0,1,0,0,0,0,1,0,0,0,0,0,1,0,2,1,1,0,0,1,0,0,0,0,0,0,0,0,0,0,0,0,1,0,0,0,1,0,1,0,0,0,1,1,0,0,0,0,0,0,0,0,0,0,0,0,0,0,0,0,0,0,0,0,0,0,0,0,0,0,1,0,1,0,0,0,0,0,1,0,0,1,0,0,1,0,0,3,0,0,0,0,1,0,0,1,0,0,0,0,0,1,0,0,2,0,0,1,0,0,0,0,0,0,0,0,0,0,0,0,1,0,0,0,0,0,0,0,0,1,1,0,1,0,0,0,0,0,0,0,1,0,0,0,0,0,0,0,0,0,0,0,0,0,0,0,0,0,0,0,0,0,0,0,0,0,0,0,2,0,0,0,0,0,0,0,0,0,0,0,0,0,0,0,1,0,0,0,0,0,0,0,0,0,0,0,0,0,0,0,0,0,0,0,0,0,0,1,0,0,0,0,0,0,0,0,0,0,0,0,0,0,0,0,0,0,0,0,0,0,0,0,0,0,0,0,0,0,0,0,0,0,0,0,0,0,0,0,0,0,0,0,0,0,0,0,0,0,0,0,0,0,0,0,0,0,0,0,0,0,0,0,0,0,0,0,0,0,0,0,0,0,0,0,0,0,0,0,0,0,0,0,0,0,0,0,0,0,0,0,0,0,0,0,0
66,27,34,15,23,7,16,14,18,12,8,6,12,6,6,11,6,5,0,6,0,7,15,12,10,3,4,9,4,3,4,3,4,4,4,2,5,8,6,6,1,3,1,2,1,2,2,7,3,2,2,2,2,2,0,3,4,3,1,2,5,2,1,2,4,4,0,3,2,1,3,0,3,1,1,1,0,1,1,0,2,2,6,0,0,2,0,0,1,3,0,2,2,0,0,1,1,1,0,3,2,1,1,0,0,0,1,0,1,1,0,0,1,1,2,0,3,0,1,0,1,0,0,3,0,0,2,0,1,0,0,0,0,0,0,0,1,2,0,1,0,0,1,0,0,0,0,0,0,0,0,0,0,0,0,0,1,1,0,0,2,1,0,0,2,0,0,0,1,0,0,0,1,2,0,1,1,3,0,0,0,0,1,2,1,0,3,1,1,2,0,0,0,0,0,0,1,0,0,0,0,0,0,0,1,0,0,0,0,0,0,0,0,0,0,0,0,0,0,0,0,0,0,0,2,0,0,0,0,0,0,0,0,0,0,0,0,0,0,0,0,0,1,0,0,1,0,0,0,0,1,0,0,0,1,0,0,0,0,0,0,0,0,0,0,0,0,0,0,0,0,0,0,0,0,1,0,0,0,0,0,0,0,0,0,0,0,0,0,0,0,0,0,0,0,0,0,0,0,0,0,0,0,0,0,0,0,0,0,0,0,0,1,0,0,0,0,0,0,0,0,0,0,1,0,1,0,0,0,0,0,0,0,0,0,0,0,0,0,0,0,0,0,0,0,0,0,0,0,0,0,1,0,0,0,0,0,0,0,0,0,0,0,0,0,0,0,0,0,0,0,0,0,0,0,0,0,0,0,0,0,0,0,0,0,0,0,0,0,0,0,0,0,0,0,0,0,0,0,0,0,0,0,0,0,0,0,0,0,0,0,0,0,0,0,0,0,0,0,0,0,0,0,0,0,0,0,0,0,0,0,0,0,0,0,0,0,0,0,0,0,0,0,0,0,0,0,0,0
53,23,28,19,16,8,10,7,11,11,9,4,9,4,4,11,3,2,0,7,1,5,8,3,4,3,4,5,2,3,1,5,3,0,3,2,5,8,1,2,3,0,3,2,2,2,3,4,2,3,7,2,0,1,0,1,2,2,5,1,1,1,4,0,1,2,0,1,0,1,2,0,0,0,1,7,0,2,2,1,3,1,1,0,1,3,0,0,1,1,0,0,1,0,0,1,2,0,0,2,0,0,2,1,0,0,0,2,0,0,0,0,0,0,0,1,0,1,2,1,1,3,0,0,0,0,0,0,2,0,0,0,0,0,1,0,0,2,0,0,0,0,0,0,0,0,0,0,0,0,2,1,0,0,0,1,3,1,0,0,0,1,0,0,0,0,0,0,0,1,0,0,0,0,0,0,0,0,1,0,1,1,1,0,2,1,0,0,0,0,1,0,0,0,0,0,2,0,0,0,0,0,0,0,1,0,0,0,0,0,0,0,0,0,0,0,1,0,0,0,0,0,1,0,1,0,0,0,0,0,0,0,1,0,0,0,0,0,0,0,0,0,0,0,0,0,0,0,0,0,0,0,1,0,0,0,0,0,0,1,0,0,0,0,0,0,0,0,0,0,0,0,0,0,0,0,0,0,0,0,0,0,0,0,0,0,0,1,0,0,0,0,0,0,0,0,0,0,0,0,0,0,0,0,0,0,0,0,0,0,0,0,0,0,0,0,0,0,0,0,0,0,0,0,0,0,0,0,0,0,0,0,0,0,0,0,0,0,0,0,0,0,0,0,0,0,0,0,0,0,0,0,1,0,1,0,0,0,0,0,0,0,0,0,0,0,0,1,0,0,1,1,0,0,0,0,0,0,0,0,0,0,0,0,0,0,0,0,0,0,0,0,0,0,0,0,0,0,0,0,1,0,0,0,0,0,0,0,0,0,0,0,0,0,0,0,0,0,0,0,0,0,0,0,0,0,0,0,0,0,0,0,0,0,0,0,0,0,0,0,0,0,0,0,0,0,0,0,0
73,38,33,33,19,12,15,10,9,19,12,8,9,8,7,11,2,3,1,5,1,8,14,3,2,8,5,2,6,8,4,7,3,3,5,1,3,7,3,2,7,4,0,3,2,1,4,1,1,4,1,0,1,1,0,1,2,0,3,2,3,2,5,1,1,1,0,2,1,0,1,0,0,1,3,0,0,2,1,1,1,1,3,0,1,0,0,3,2,0,0,2,2,0,0,0,2,0,2,1,1,0,0,0,0,0,2,0,1,1,0,0,1,3,0,1,1,1,0,0,0,1,0,0,0,0,2,2,0,0,0,0,1,0,0,0,0,2,2,2,0,1,1,0,0,3,0,0,1,0,3,0,0,1,0,0,0,2,0,1,0,0,0,1,3,0,0,2,3,0,0,0,0,1,0,1,2,1,0,1,0,0,0,0,0,1,0,0,0,0,0,0,0,0,0,1,1,1,1,0,0,0,0,0,1,0,0,0,0,0,1,0,0,1,1,2,2,0,0,0,0,0,0,0,2,1,0,1,0,2,0,0,0,1,2,0,0,0,0,0,0,0,0,0,0,0,0,0,1,0,0,1,0,0,0,0,0,0,0,0,0,0,0,0,0,0,0,0,0,0,0,0,0,0,1,1,0,0,1,0,0,0,0,0,0,0,0,0,0,0,1,0,0,0,0,0,0,0,0,0,0,1,0,0,0,0,0,0,0,0,0,0,0,0,0,0,0,0,0,0,0,0,0,0,0,0,0,0,1,0,0,0,0,0,0,0,0,0,0,0,0,0,0,0,0,0,0,0,0,0,0,0,0,0,0,0,0,0,0,0,0,0,0,0,0,0,0,0,0,0,0,0,0,0,0,0,0,0,0,0,0,0,0,0,0,0,0,0,0,0,0,0,0,0,0,0,0,0,0,0,0,0,0,0,0,0,0,0,0,0,0,0,0,0,0,0,0,0,0,0,0,0,0,0,0,0,0,0,0,0,0,0,0,0,0,0,0,0,0,0,0,0,0,0,0,0,0,0,0
60,30,33,29,11,12,9,12,12,14,11,8,11,11,12,9,8,4,0,4,0,9,7,3,9,3,6,5,6,2,2,2,4,2,7,1,5,4,1,3,1,4,4,3,2,2,4,1,2,3,2,2,2,2,0,0,0,2,3,1,1,5,1,3,3,3,1,2,1,0,2,0,1,2,3,0,0,1,1,2,1,3,1,1,0,1,0,3,0,1,0,0,1,0,0,0,2,0,1,1,1,0,1,3,0,1,1,0,1,1,0,0,3,1,1,0,1,0,1,0,0,1,0,2,0,3,3,2,0,0,0,0,1,0,0,0,1,2,1,2,0,2,0,1,0,0,1,0,1,0,0,2,0,1,0,0,0,1,0,0,1,2,0,0,0,1,0,0,0,1,0,0,0,0,0,0,0,1,0,0,1,0,2,0,3,1,2,0,0,0,1,0,0,0,0,1,1,1,2,0,0,0,0,1,0,0,0,0,0,1,0,0,0,0,0,1,0,0,0,0,0,0,0,0,3,0,0,2,0,0,1,0,0,1,0,0,0,0,0,1,0,0,0,0,0,0,0,0,0,0,0,0,1,0,1,0,0,0,0,0,1,0,0,0,0,0,0,0,0,0,0,0,2,0,1,0,0,0,1,0,0,0,0,0,0,0,0,0,0,1,0,0,0,0,0,0,0,1,0,0,0,0,0,0,0,0,0,0,0,0,0,1,0,0,0,0,0,0,0,0,0,0,0,0,0,0,0,0,0,0,0,0,0,0,0,1,0,0,0,0,0,0,0,0,0,0,0,0,0,0,0,0,0,0,0,0,0,0,0,0,0,0,0,0,0,0,0,0,0,0,0,0,1,0,0,0,0,0,0,0,0,0,0,0,0,0,2,0,0,0,0,0,0,0,0,0,0,0,0,1,1,0,0,0,0,0,0,0,0,0,0,0,0,0,0,0,0,0,0,0,0,0,0,0,0,0,0,0,0,0,0,0,0,0,0,0,0,0,0,0,0,0,0,0,0,0,0,0,0
86,50,43,32,21,15,24,18,13,16,17,8,14,9,14,17,9,7,0,5,0,3,16,7,9,8,8,3,8,10,4,6,8,10,2,3,5,6,5,2,2,6,6,2,2,2,4,7,3,0,1,1,6,2,0,4,2,2,2,0,1,4,0,4,3,1,2,6,1,3,3,0,3,2,0,0,0,0,3,1,3,4,1,1,4,0,0,2,2,1,0,1,1,0,3,2,0,2,2,0,0,1,2,0,0,5,1,4,4,1,0,0,2,0,0,5,3,2,0,1,0,0,0,1,0,0,0,4,0,0,0,1,5,0,0,0,1,3,0,3,0,1,0,1,0,0,0,0,0,0,2,2,0,0,1,2,0,0,0,0,1,1,0,1,3,1,0,0,2,0,0,0,1,0,0,1,0,0,0,1,0,0,1,1,1,0,0,1,2,0,0,2,0,0,0,0,0,1,1,0,0,1,0,0,0,0,1,0,0,0,0,0,0,0,1,0,0,1,0,0,0,0,1,0,0,0,0,0,0,0,0,0,0,1,1,0,0,0,0,0,0,0,0,1,0,1,0,0,0,0,2,1,1,0,0,0,0,0,0,0,0,1,0,0,1,0,1,0,0,0,0,0,0,0,0,0,0,1,0,0,0,0,0,0,0,0,0,1,0,0,0,0,0,0,0,0,0,0,0,0,0,0,0,0,0,0,0,0,0,0,0,0,0,1,0,1,0,0,0,0,0,0,0,0,0,0,0,0,0,1,0,0,0,0,0,0,0,0,0,0,0,0,0,0,0,0,1,0,0,0,0,0,0,0,0,0,2,0,0,0,0,0,0,0,0,0,0,0,0,0,0,0,0,0,0,0,0,0,0,0,0,0,0,0,0,0,0,0,0,0,0,0,0,0,0,0,0,0,0,0,0,0,0,0,0,0,0,0,0,0,0,0,0,0,0,0,0,0,0,0,0,0,0,0,0,0,0,0,0,0,0,0,0,0,0,0,0,0,0,0,0,0,0,0,0,0,0,0,0
62,23,33,14,18,12,10,12,6,8,9,8,7,3,4,7,3,3,0,7,0,5,9,3,5,7,3,4,4,1,2,3,3,7,1,2,1,5,2,1,3,2,2,0,2,3,3,2,6,3,0,1,4,2,0,2,2,1,2,0,5,1,3,3,4,3,3,2,1,1,6,0,1,0,1,1,0,0,2,0,1,3,0,1,0,2,0,2,2,2,0,0,1,0,2,0,2,2,3,2,0,1,0,0,0,0,2,0,1,1,1,0,1,0,3,0,2,0,0,0,1,1,0,0,0,0,0,0,1,0,0,1,2,0,1,2,2,1,0,0,0,0,2,0,2,0,0,0,0,0,0,0,0,3,2,0,0,0,1,0,0,0,0,0,0,0,0,0,1,0,0,0,0,0,0,0,1,0,0,0,0,0,0,1,1,0,0,0,0,0,1,0,0,0,0,0,0,3,0,0,0,0,0,0,2,0,1,0,0,0,1,0,0,0,0,0,0,1,0,0,0,0,0,0,0,0,0,0,0,0,0,0,0,0,1,0,0,0,1,0,0,1,0,0,0,0,0,0,0,0,0,0,2,0,0,0,0,0,0,0,1,0,0,0,0,0,0,0,0,0,0,0,0,0,0,0,0,0,0,0,0,0,0,0,0,0,0,1,0,0,0,1,0,0,0,0,0,0,0,0,0,0,0,0,0,0,0,0,0,0,0,0,0,0,0,0,0,0,0,0,0,0,0,0,0,1,0,0,0,1,0,0,0,0,0,0,0,0,0,0,0,0,0,0,0,0,0,0,0,0,0,0,0,1,0,1,0,0,0,0,0,0,0,0,0,0,0,0,0,0,0,0,0,0,0,0,0,0,0,0,0,0,0,0,0,0,0,0,0,0,0,0,0,0,0,0,0,0,0,0,0,1,0,0,0,0,0,0,0,0,0,0,0,0,0,0,0,0,0,0,0,0,0,0,0,0,0,0,0,0,0,0,0,0,0,0,0,0,0,0,0,0,0,0,0,0,0,0,0
72,28,42,32,30,15,20,12,8,14,10,12,8,11,12,11,3,10,0,6,1,5,8,5,8,3,5,1,1,5,3,3,3,5,1,0,2,9,3,0,3,1,2,3,5,2,3,2,4,1,3,3,9,6,0,1,4,2,1,3,3,2,1,2,5,1,1,4,3,1,3,0,2,0,1,2,0,3,1,0,4,3,3,0,1,1,0,1,2,3,0,0,0,0,1,1,0,0,1,1,1,0,2,2,0,2,2,1,3,0,0,0,0,0,0,0,0,0,1,0,3,0,0,2,0,1,2,2,1,0,0,1,0,0,0,1,1,0,1,0,0,2,0,0,1,2,1,0,0,0,1,0,0,0,1,1,1,0,0,0,2,0,0,0,0,0,0,1,1,0,0,0,0,0,0,0,0,0,0,1,1,0,1,1,0,0,0,0,0,0,1,0,0,0,0,0,0,0,1,0,0,1,0,2,0,0,0,0,0,0,1,0,0,0,1,0,0,0,0,0,0,0,0,0,0,1,0,0,0,0,0,0,0,0,1,0,0,0,0,0,0,0,0,0,0,1,0,1,0,0,0,0,0,0,0,0,0,0,0,0,0,0,0,0,0,0,0,0,0,0,0,0,0,0,0,0,0,0,0,0,0,0,0,0,1,0,0,0,0,0,0,0,1,0,0,0,0,0,1,0,0,0,2,0,0,0,0,0,0,0,0,0,1,0,0,0,0,0,0,0,0,0,0,0,0,0,0,0,0,0,0,0,0,1,0,0,0,1,1,1,0,0,0,0,0,0,0,0,0,0,0,0,0,0,1,0,0,0,0,0,0,0,0,0,0,0,0,0,0,0,0,1,0,0,0,0,0,0,0,0,0,0,0,0,0,0,0,0,0,0,0,0,0,0,0,0,0,0,0,0,0,0,0,0,0,0,0,0,0,0,0,0,0,0,0,0,0,0,0,0,0,0,0,0,0,0,0,0,0,0,0,0,0,0,0,0,0,0,0,0,0,0,0,0,0,0,0,0,0
94,41,39,27,28,12,14,14,19,19,17,13,12,8,9,8,9,8,0,7,2,10,6,3,6,5,7,8,6,6,3,8,7,3,5,0,3,6,4,3,5,5,3,1,7,0,3,6,6,3,3,6,3,3,0,2,2,7,1,1,6,5,6,4,1,1,4,0,3,1,2,0,0,2,2,3,0,2,4,1,2,1,3,1,2,0,2,4,0,0,0,3,1,0,0,3,0,1,0,1,3,0,2,1,3,1,3,4,2,2,0,0,0,0,0,0,0,1,0,1,0,1,0,0,0,3,0,1,4,0,0,1,1,0,3,2,0,0,1,0,0,1,1,0,1,2,0,0,0,0,0,0,0,0,0,0,0,2,0,0,1,0,0,0,3,0,0,1,0,0,0,0,1,2,3,1,0,0,1,0,0,1,0,1,0,1,0,1,0,1,2,0,0,0,0,0,0,0,0,0,1,1,0,0,0,0,0,0,0,1,1,0,0,0,0,0,1,1,1,0,0,0,0,1,1,3,2,0,1,0,0,0,0,0,1,0,0,0,0,0,1,0,0,0,0,0,0,0,1,0,0,0,0,0,0,0,0,1,0,0,0,0,0,0,0,0,0,0,0,0,0,0,0,0,0,1,0,0,0,1,0,0,0,0,0,0,1,0,0,0,0,0,1,0,0,0,0,0,0,1,0,0,0,0,0,0,0,0,0,0,0,0,0,0,0,0,0,0,0,0,0,0,0,1,0,0,0,0,0,0,0,0,0,0,0,0,0,0,1,0,0,0,0,0,0,0,0,0,0,1,0,0,0,0,0,0,0,0,0,0,1,0,0,0,0,0,0,0,0,0,0,0,0,0,0,0,0,0,0,0,0,1,0,0,0,1,0,0,0,0,0,0,0,0,0,0,0,0,0,0,0,0,0,0,0,0,0,0,0,0,0,0,0,0,0,0,0,0,0,0,0,0,0,0,0,0,0,0,0,0,0,0,0,0,0,0,0,0,0,0,0,0,0,0,0,0,0,0,0
77,57,33,32,25,13,18,15,15,8,12,16,7,11,10,12,9,8,3,7,0,4,6,5,3,6,6,4,6,7,4,3,10,8,4,4,3,6,3,3,4,8,4,2,3,1,2,3,4,3,2,2,3,2,0,0,2,1,1,0,2,2,4,4,1,2,4,0,3,3,1,0,1,2,1,2,0,1,3,2,1,4,4,1,2,2,5,1,1,3,0,0,0,0,1,2,0,1,2,2,0,2,0,1,1,0,1,0,1,3,0,0,0,0,0,0,1,2,1,1,2,1,1,0,0,0,0,0,1,0,0,0,1,0,1,0,1,0,0,0,0,1,1,0,0,0,0,0,1,0,2,2,0,1,0,0,1,1,0,1,1,1,0,0,1,1,0,1,0,0,0,0,3,0,0,0,0,2,0,0,4,1,0,1,0,0,0,0,0,0,1,2,0,0,0,0,0,0,0,0,0,2,1,0,1,0,0,0,0,0,0,0,0,0,1,0,1,2,0,0,0,0,0,0,0,0,1,0,0,0,2,1,0,0,0,0,0,0,1,0,0,0,1,0,0,1,0,0,0,1,0,1,1,0,0,0,0,0,0,0,0,1,0,0,0,0,0,0,0,0,0,0,0,0,0,0,0,0,1,0,0,0,0,0,1,0,0,1,0,0,1,0,1,0,0,0,0,0,0,0,0,1,0,0,0,0,0,0,0,0,0,0,0,0,0,0,0,0,0,0,0,0,0,0,0,0,0,0,0,0,0,0,0,0,0,0,0,0,0,0,0,0,0,0,0,0,0,0,0,0,0,0,0,0,0,0,0,0,0,0,0,0,0,0,0,0,0,0,0,0,0,0,0,0,0,0,0,0,0,0,0,0,0,0,0,0,0,0,0,0,0,0,0,0,0,0,0,0,0,0,0,0,0,0,0,0,0,0,0,0,0,0,0,0,0,0,0,0,0,0,0,0,0,0,0,0,0,0,0,0,0,0,0,0,0,0,0,0,0,0,0,0,0,0,0,0,0,0,0
95,43,43,49,26,11,30,15,19,23,11,15,17,10,15,13,6,7,5,11,1,7,10,4,8,17,5,6,4,5,5,2,7,14,5,9,2,8,4,4,4,5,6,2,4,6,8,6,3,5,3,3,5,7,0,3,4,0,4,0,2,3,4,1,3,4,9,0,1,1,0,0,2,1,1,2,0,1,1,1,3,3,0,1,2,0,2,0,2,2,0,1,2,0,4,0,1,2,1,0,5,4,6,4,2,2,2,6,2,1,3,0,0,1,1,1,0,0,1,0,0,0,0,0,0,0,2,0,2,0,1,0,0,0,1,0,0,1,1,0,0,1,0,2,0,2,2,0,0,0,0,1,0,1,0,1,0,1,1,1,0,0,2,1,1,1,0,1,3,0,1,0,0,0,0,0,0,0,0,0,0,0,1,1,0,1,0,1,0,1,0,0,0,1,0,0,1,1,0,0,1,3,0,0,0,0,0,0,0,1,1,0,0,1,0,0,0,1,0,0,0,0,2,1,0,0,0,0,0,0,0,1,0,1,3,0,0,0,0,0,1,0,0,1,1,0,0,0,0,0,1,0,0,0,0,0,0,0,1,0,0,1,0,0,0,0,0,0,0,0,0,0,0,0,0,0,0,0,0,0,1,0,0,0,0,1,0,0,1,0,1,0,0,0,0,0,0,0,0,1,1,0,0,1,0,0,0,0,0,0,0,0,0,0,0,0,0,0,0,0,0,0,0,0,0,0,0,0,0,0,1,0,0,0,0,1,0,1,2,0,0,0,0,0,0,1,0,0,0,0,0,0,0,0,0,0,0,0,0,0,0,0,0,0,0,0,0,0,0,0,0,0,1,1,0,0,0,0,0,0,0,0,0,0,0,0,0,0,0,0,0,0,0,0,0,0,0,0,0,0,0,0,0,0,0,0,0,0,0,0,0,0,0,0,0,0,0,0,0,0,0,0,0,0,0,0,0,0,0,0,0,0,0,0,0,0,0,0,0,0,0,0,0,0,0,0,0,0,0
55,27,27,23,16,12,11,13,12,10,12,9,11,14,3,9,5,6,5,14,0,8,8,1,7,3,2,6,6,2,2,5,0,6,2,3,5,4,4,3,9,6,5,5,1,3,2,1,2,4,0,2,1,1,0,1,2,0,3,3,0,5,1,2,1,1,5,0,0,1,3,0,0,2,0,2,0,2,0,3,3,1,1,0,1,2,0,0,0,1,0,3,3,0,2,1,2,0,1,0,0,1,0,1,0,0,0,1,1,1,0,0,0,0,0,1,0,0,0,2,3,2,0,0,0,0,0,1,0,0,2,0,1,1,0,1,0,0,0,0,0,0,0,0,1,1,2,0,1,0,0,0,0,0,1,0,0,0,0,0,0,0,1,0,0,2,0,0,1,0,2,0,0,1,1,0,0,1,0,2,1,0,1,1,2,2,1,0,0,0,1,0,0,0,0,0,0,1,0,0,0,1,0,1,1,0,0,0,0,1,1,0,0,0,1,0,0,0,0,0,0,0,1,0,1,1,1,0,0,0,1,2,0,0,0,0,0,0,1,1,0,0,0,0,0,1,0,0,1,0,0,1,0,0,1,0,0,0,0,0,0,0,0,0,1,2,0,0,0,0,0,0,1,0,0,0,0,0,0,0,0,1,0,0,0,0,0,0,0,0,0,0,0,0,0,0,0,0,0,0,0,0,0,0,0,0,0,0,0,0,0,0,0,0,1,0,0,0,0,0,0,0,0,0,0,0,0,0,0,0,0,0,0,0,0,0,0,0,0,0,0,0,0,0,1,0,0,0,0,0,0,0,0,0,0,0,0,0,0,0,0,0,0,0,0,0,0,0,0,0,0,0,0,0,0,0,0,0,0,0,0,0,0,0,0,0,1,0,0,0,0,0,0,0,0,0,0,0,0,0,0,0,0,0,0,0,0,0,0,0,0,0,0,0,0,0,0,0,0,0,0,0,0,0,0,0,0,0,0,0,0,0,0,0,0,0,0,0,0,0,0,0,0,0,0,0,0,0,0
84,39,37,37,23,10,18,18,13,13,11,7,8,12,12,5,6,9,2,8,3,9,8,4,9,7,7,6,8,4,7,3,2,8,4,3,1,5,1,3,2,5,8,3,5,5,4,0,2,6,5,10,2,3,0,2,1,2,1,1,1,0,4,1,1,2,2,5,1,2,2,0,0,0,3,2,0,4,1,3,5,1,1,2,2,0,2,2,1,1,0,1,0,0,2,2,2,5,3,3,1,0,2,1,0,2,1,2,1,0,1,0,0,0,1,0,0,1,1,0,1,2,0,0,0,1,0,0,1,0,2,1,1,1,1,1,1,1,1,0,0,1,2,1,1,0,3,0,1,0,2,0,0,1,0,0,0,1,0,2,1,0,0,3,0,0,0,0,2,0,0,0,0,0,1,0,0,0,0,0,1,0,1,0,0,0,0,2,0,0,1,0,1,1,0,1,0,0,0,0,1,0,0,1,0,0,0,0,0,0,0,0,0,1,0,0,0,0,0,0,0,0,0,0,3,1,0,0,1,0,1,0,1,0,0,0,0,0,1,0,2,0,0,1,0,0,0,0,0,0,0,1,0,0,0,0,0,0,0,0,0,1,0,0,0,1,0,1,0,0,0,0,0,0,0,0,0,0,0,0,0,1,0,0,0,0,0,0,0,1,0,0,0,0,0,0,0,0,0,0,0,0,0,0,0,0,0,0,0,0,0,0,0,0,0,1,0,0,0,0,0,0,0,0,0,0,0,0,0,0,1,0,0,0,0,0,0,0,0,0,1,0,0,0,0,0,0,0,0,0,0,0,0,0,0,0,0,1,1,0,0,0,0,0,0,0,0,0,0,0,0,0,0,0,1,0,0,0,0,0,0,0,0,0,0,0,0,0,0,0,0,0,0,0,0,0,0,0,0,0,0,0,0,0,0,0,0,0,0,0,0,0,0,0,0,0,0,0,0,0,0,0,0,0,0,0,0,0,0,0,0,0,0,0,0,0,0,0,0,0,0,0,0,0,0,0,0,0,0
122,50,56,52,33,19,24,23,24,15,26,17,14,15,24,9,13,9,11,10,8,10,12,9,3,5,12,5,6,9,7,5,12,7,9,8,9,5,7,4,3,5,3,5,4,4,3,2,3,6,0,2,3,0,0,5,7,4,7,8,3,2,4,3,4,2,5,2,0,3,2,0,1,0,0,6,2,1,1,3,1,1,1,6,3,0,1,3,3,3,0,3,4,0,3,4,2,2,2,1,0,3,3,5,6,2,1,2,0,1,1,0,1,0,3,1,2,1,0,1,2,1,0,1,0,1,1,0,2,0,0,2,0,3,0,0,1,0,1,1,3,2,1,3,0,2,1,0,1,0,0,2,1,1,0,1,0,1,0,0,2,0,1,0,1,0,0,1,0,0,2,0,0,1,3,0,0,2,1,1,1,1,0,0,0,2,1,1,0,0,0,0,0,0,0,0,1,0,2,0,0,1,1,1,1,1,0,0,0,0,1,2,0,0,0,0,0,6,1,0,0,0,1,0,0,1,0,1,0,1,0,0,0,1,0,1,0,1,0,0,0,0,0,1,0,0,0,0,0,0,0,1,1,0,0,1,0,1,0,0,0,0,0,0,0,0,1,0,1,0,0,0,1,0,0,0,0,0,1,1,2,0,0,0,0,0,0,0,2,1,0,0,0,0,0,0,0,1,0,0,0,0,0,0,1,0,0,0,0,0,0,0,1,0,0,0,1,1,0,0,0,0,0,0,1,0,0,0,0,1,0,0,0,0,0,0,0,0,0,0,0,1,0,0,0,0,0,0,0,0,0,0,0,0,0,0,0,0,1,1,0,0,0,0,0,0,0,0,0,0,0,0,0,0,0,0,0,0,0,0,0,0,0,0,0,0,0,0,1,0,0,0,0,0,0,0,0,0,0,0,0,0,0,0,0,0,0,0,0,0,0,0,0,0,0,0,0,0,0,0,0,0,0,0,0,0,0,0,0,0,0,0,0,0,0,0,0,0,0,0,0,0,0,0,0,0,0,0,0
125,47,67,66,33,32,16,21,11,13,22,9,10,15,16,5,6,12,16,11,14,8,6,6,3,10,5,6,6,5,4,4,2,9,5,12,2,10,3,3,4,5,5,1,3,2,3,2,8,5,5,4,8,2,0,6,7,1,4,5,5,2,1,2,2,1,3,3,2,4,0,0,2,2,3,7,1,1,3,1,4,1,3,0,2,1,1,1,1,1,0,3,0,0,1,1,2,2,3,2,0,2,0,1,1,1,1,1,1,0,2,0,2,3,0,0,0,2,1,0,0,0,0,1,1,0,1,0,3,0,1,1,1,4,1,2,1,0,0,0,0,1,2,0,3,2,1,1,0,0,1,1,0,2,0,0,0,0,0,0,0,3,3,0,3,2,1,1,1,2,2,0,1,1,0,0,0,0,0,1,0,0,0,1,1,0,0,0,0,0,2,2,0,1,0,1,0,2,0,0,0,1,0,0,0,1,1,0,0,0,1,3,2,0,0,0,0,1,0,0,0,0,0,0,0,0,0,0,0,0,0,0,0,0,1,1,0,0,2,1,0,0,0,2,0,0,0,0,0,1,1,0,1,0,0,1,0,0,1,0,0,0,0,0,1,0,0,0,0,0,0,0,1,1,0,0,0,1,0,0,0,1,2,0,0,0,0,1,0,0,0,0,0,0,0,0,0,0,0,0,1,0,0,0,0,1,0,0,0,0,0,0,0,1,0,0,0,0,1,0,0,0,0,0,1,0,0,0,0,0,0,0,0,1,0,0,0,0,0,0,1,0,0,0,0,1,0,0,0,0,0,0,0,1,0,0,0,3,0,0,1,1,0,0,0,0,0,0,0,1,0,0,0,0,0,0,0,0,0,0,0,0,0,0,0,0,0,0,0,0,0,0,0,0,0,0,0,0,0,0,0,0,0,0,0,0,0,0,0,0,0,0,0,0,0,0,0,0,0,0,0,0,0,0,0,0,0,0,0,0,0,0,0,0,0,0,0,0,0,0,0,0,0,0,0,0,0,0,0
172,85,83,76,35,35,14,43,19,30,28,14,15,13,8,14,11,18,14,15,16,8,12,5,4,6,4,3,12,13,6,14,12,5,8,16,6,10,12,8,6,6,7,5,5,4,4,5,12,5,4,7,5,8,0,13,2,4,1,3,9,2,3,2,5,3,11,0,2,8,4,0,6,3,4,1,5,0,5,2,2,3,0,1,5,2,3,3,0,2,3,1,3,4,2,0,2,0,2,0,1,8,1,0,3,8,3,0,0,1,0,2,1,1,1,4,1,2,0,1,1,1,0,0,3,2,1,1,2,0,2,1,0,2,3,3,0,0,0,1,0,3,0,1,2,3,0,1,3,0,1,0,2,0,1,2,1,2,0,0,1,2,2,0,2,2,1,0,2,1,2,4,0,2,1,0,0,0,1,0,1,1,0,0,1,2,1,0,0,1,0,0,1,0,1,1,1,0,1,0,1,0,0,0,1,0,1,2,0,1,0,0,1,0,1,2,0,0,3,0,0,0,0,0,0,2,0,0,0,0,0,0,0,0,0,2,0,0,1,0,0,0,0,1,2,0,0,0,1,1,0,0,0,2,0,0,1,1,0,1,0,0,0,1,0,1,0,1,0,1,0,0,0,0,0,0,0,0,1,0,0,0,1,0,1,0,0,0,0,1,0,0,3,0,0,0,0,1,0,0,3,0,1,1,0,1,1,1,0,0,0,0,0,0,0,0,0,0,0,0,0,0,0,0,1,0,0,0,0,0,0,0,0,0,0,0,0,0,0,0,1,0,1,0,0,0,1,0,1,0,1,0,0,0,1,0,0,0,0,0,0,0,1,0,0,0,0,0,0,0,1,1,0,0,1,0,0,0,0,0,0,0,1,0,0,0,0,0,0,1,0,0,0,0,0,0,0,0,0,0,0,0,1,0,0,0,0,0,0,0,0,0,0,0,0,0,0,0,0,0,0,0,0,0,0,0,0,0,0,0,0,0,0,0,0,0,0,0,0,0,0,0,0,0,0,0,0,0,0
154,90,67,76,36,38,12,30,14,17,14,19,18,20,12,14,7,16,14,10,20,8,12,7,5,10,6,8,8,12,7,6,1,2,8,5,5,6,5,13,8,5,7,4,6,1,9,7,4,10,6,5,9,5,4,3,6,3,4,6,2,6,0,4,5,7,6,6,3,5,5,1,1,3,1,3,5,0,3,3,3,4,1,1,1,3,4,4,1,1,3,1,0,2,5,0,1,2,2,2,1,1,3,3,3,3,3,2,1,0,2,1,0,3,2,1,2,1,4,0,0,1,0,0,2,2,0,1,1,2,3,2,3,1,3,1,0,0,1,0,0,0,0,1,1,1,4,2,2,0,0,1,1,0,0,2,0,0,0,0,1,0,1,0,2,0,4,1,0,1,0,0,1,1,1,0,1,1,0,0,1,1,0,2,1,0,0,0,0,0,2,0,0,0,0,0,2,1,0,0,0,0,1,0,0,1,2,1,1,1,1,3,3,0,0,0,0,2,1,1,0,0,0,1,0,0,0,1,0,1,0,0,1,0,1,0,0,0,1,0,0,0,0,0,0,0,2,2,0,2,0,0,0,1,0,0,0,1,0,1,1,0,0,0,0,0,0,0,1,0,1,0,0,1,0,0,0,0,0,1,0,0,2,0,0,0,0,0,0,0,0,0,0,0,0,0,0,0,0,0,0,1,1,1,0,0,0,1,0,0,0,0,0,0,1,0,2,0,0,0,0,0,0,0,0,1,0,0,0,0,0,2,1,0,0,0,0,0,0,1,0,0,0,0,0,0,0,0,0,0,0,0,0,0,0,0,0,0,0,0,0,0,1,0,0,0,0,0,0,0,0,0,0,1,0,0,0,0,0,0,0,0,0,0,0,0,0,0,0,0,0,0,0,0,0,0,0,0,0,0,0,0,0,0,0,0,0,0,0,0,0,0,0,0,0,0,0,0,0,0,0,0,0,0,0,0,0,0,0,0,0,0,0,0,0,0,0,0,0,0,0,0,0,0,0,0,0,0,0
163,74,102,80,51,49,22,38,19,18,32,30,20,25,20,22,13,15,21,15,24,16,18,5,9,8,4,9,12,18,7,8,12,10,6,5,7,7,9,9,9,9,8,6,8,3,4,0,9,6,5,7,9,6,6,5,10,6,4,7,10,4,6,7,8,3,3,3,6,6,4,5,2,0,1,2,2,4,3,3,2,1,0,1,2,3,5,2,1,5,7,4,3,1,6,1,0,1,2,1,1,1,1,3,1,5,1,4,1,0,2,1,3,3,4,3,6,0,3,0,1,1,0,1,0,0,2,1,0,4,1,0,1,2,1,0,1,0,2,0,0,0,1,0,3,0,3,3,1,3,0,0,1,5,2,0,3,5,0,1,1,1,5,3,1,2,1,0,0,1,1,1,0,2,1,0,2,1,1,1,0,0,0,0,1,1,1,1,0,1,1,4,1,0,1,1,0,1,0,0,0,0,1,1,0,1,3,1,2,1,2,0,1,0,1,0,0,1,0,1,0,0,1,0,0,2,0,0,1,1,1,1,0,1,1,0,0,0,0,0,2,0,0,0,0,1,0,0,0,4,0,2,0,0,2,0,1,0,0,1,0,2,0,0,0,0,0,0,3,1,1,0,0,0,0,0,0,0,0,0,1,0,0,0,1,0,0,0,0,0,0,0,0,0,0,0,0,0,0,0,0,0,1,0,1,0,1,0,0,0,0,1,0,1,0,0,0,2,0,2,1,0,0,0,0,1,0,0,0,0,0,1,1,0,0,0,0,0,1,0,0,0,0,0,0,0,0,0,0,0,0,0,0,0,0,0,0,0,0,0,0,1,0,3,0,0,0,0,0,0,0,0,0,1,0,0,0,0,0,0,0,0,0,0,0,0,0,0,1,0,0,0,0,0,0,0,0,0,0,0,0,0,0,1,0,0,0,0,0,0,0,0,0,0,0,0,0,0,0,0,0,0,0,0,0,0,0,0,0,0,0,0,0,0,0,0,0,0,0,0,0,0,0,0,0,0,0,0,0
195,101,66,79,35,41,18,34,33,41,27,20,20,27,24,16,14,25,17,18,26,14,10,7,13,14,9,16,8,11,16,10,8,10,6,13,6,9,11,8,6,8,7,6,3,10,12,4,7,8,6,9,12,3,9,7,6,6,1,3,4,4,3,4,3,6,7,1,5,3,4,3,1,1,0,4,5,5,5,4,3,6,1,4,2,1,5,7,4,4,4,4,2,1,5,2,1,2,2,8,3,8,3,1,3,8,1,4,2,0,2,4,2,2,2,2,1,1,0,0,1,0,2,0,3,0,2,1,1,3,2,4,3,2,3,6,4,0,6,2,2,1,3,1,0,3,1,2,1,2,0,2,8,4,1,0,3,2,1,0,0,1,2,3,0,0,6,2,2,2,3,1,1,1,1,0,1,1,1,1,1,3,2,0,0,0,1,1,1,1,0,2,6,1,0,1,0,0,0,1,0,0,1,0,2,1,1,1,1,0,1,2,1,0,0,1,1,1,1,3,0,0,0,0,0,0,1,1,1,0,0,1,1,1,1,1,0,0,3,0,2,0,0,1,0,1,0,0,0,1,0,0,0,0,1,0,2,0,0,0,1,0,0,1,1,0,0,2,0,2,3,0,0,0,1,0,0,0,1,1,1,0,0,0,0,0,0,0,0,0,0,2,0,2,0,0,0,0,1,2,0,0,2,2,1,0,0,0,1,0,0,0,0,0,0,0,1,0,0,1,0,1,0,0,1,0,0,1,0,0,0,0,0,0,0,0,1,0,0,0,0,0,2,0,0,0,0,0,0,0,0,0,0,0,0,1,0,0,0,0,0,0,0,0,1,0,0,0,0,0,0,0,0,1,0,0,0,0,0,0,0,0,0,0,0,0,0,0,0,0,0,0,0,0,0,0,0,1,0,0,0,0,0,0,1,0,0,0,0,0,0,0,0,0,0,0,0,0,0,0,0,0,0,0,0,0,0,0,0,0,0,0,0,0,0,0,0,0,0,0,0,0,0,0,0,0,0,0,0
186,113,94,94,61,56,23,40,19,44,31,27,24,23,29,13,8,19,28,18,29,14,11,7,7,8,14,18,21,16,10,17,7,8,10,11,7,5,10,12,7,6,8,11,11,12,7,3,6,5,10,9,7,4,13,5,8,8,4,7,3,8,9,9,5,2,5,3,7,7,4,2,3,2,2,3,9,9,9,7,4,6,3,4,7,0,4,0,1,5,5,3,2,7,7,3,2,0,7,3,1,3,1,5,3,2,5,0,2,0,5,2,3,6,4,2,2,2,4,0,1,0,6,1,4,1,1,1,1,8,6,0,2,0,0,3,1,1,1,4,1,0,4,0,5,1,2,6,1,2,0,2,2,1,0,0,0,0,0,1,0,0,2,2,1,1,6,0,0,3,1,1,1,0,2,0,0,1,2,0,1,1,1,3,0,1,2,1,0,1,2,1,4,0,0,0,1,0,0,0,2,1,0,0,0,1,2,4,2,0,1,0,2,0,0,1,1,0,2,0,0,0,0,0,0,0,0,0,0,1,0,0,0,0,1,1,0,1,2,1,0,1,0,1,0,0,0,0,0,0,1,0,0,4,1,0,0,0,0,0,0,0,0,0,0,0,2,1,1,2,1,3,0,0,0,0,0,0,1,1,0,1,3,0,0,0,0,0,0,2,0,1,0,0,1,1,0,0,0,0,0,0,0,1,0,0,0,1,0,0,0,0,1,0,2,0,0,0,1,1,1,0,0,0,0,0,0,0,0,0,0,0,1,0,0,1,0,1,0,1,0,1,0,0,0,0,0,0,1,0,0,0,0,0,1,0,1,0,0,0,0,2,0,1,0,0,0,1,0,0,0,0,0,0,0,0,0,0,0,0,0,0,0,0,0,0,0,0,0,0,1,1,0,0,0,0,0,0,0,0,0,0,0,1,1,0,0,0,0,0,0,0,0,0,0,0,0,0,0,0,0,0,0,0,0,0,0,0,0,0,0,0,0,0,0,0,0,0,0,0,0,0,0,0,0,0,0,0,0
149,93,73,71,50,44,19,14,15,31,25,20,15,21,33,12,15,21,25,5,14,11,9,5,12,13,7,8,10,12,14,11,5,8,7,11,8,9,9,6,5,3,6,6,9,6,8,2,7,8,6,8,7,6,7,9,8,4,0,10,2,10,3,3,7,4,4,0,1,1,5,12,0,2,2,2,9,6,0,5,3,3,5,3,4,0,5,0,2,3,5,1,1,7,2,1,0,2,2,1,4,2,0,3,5,7,4,1,0,2,2,6,2,0,3,1,0,2,4,0,1,3,5,1,5,1,2,2,0,2,3,0,2,2,1,0,1,0,0,0,2,1,0,2,2,1,0,3,0,3,0,0,7,1,1,0,1,3,0,0,0,0,1,0,0,1,1,2,1,3,4,2,0,0,0,0,2,0,0,1,0,2,3,1,3,0,0,2,0,0,1,1,2,0,0,0,1,2,1,2,1,2,1,2,1,1,1,0,2,0,0,3,0,0,1,0,0,0,1,3,0,0,2,0,0,1,0,2,1,0,0,1,0,0,0,1,0,0,1,0,0,0,0,0,2,0,0,0,0,0,0,0,0,1,1,1,1,0,0,0,1,0,0,0,1,0,0,1,1,1,1,2,0,0,1,0,0,0,0,1,0,1,2,0,0,0,1,0,1,0,0,1,0,1,0,1,0,0,0,0,0,2,0,0,0,0,1,0,0,1,0,0,0,0,0,0,1,2,1,1,1,1,0,1,0,0,0,0,0,1,0,0,0,0,0,0,0,0,0,0,0,1,1,0,0,0,0,0,0,1,0,1,0,0,1,0,0,0,0,0,1,0,0,0,0,0,0,0,0,1,1,0,0,0,0,0,0,0,0,0,0,0,0,0,0,0,0,0,0,0,1,0,1,0,0,0,0,0,0,0,0,0,1,0,0,0,0,0,0,0,0,0,0,0,0,0,0,0,0,0,0,0,0,0,0,0,0,0,0,0,0,0,0,0,0,0,0,0,0,0,0,0,0,0,0,0,0,0,0
209,104,94,111,43,52,15,38,22,48,23,27,24,20,25,17,21,16,27,9,39,15,16,12,7,11,14,12,14,17,26,11,6,2,6,16,5,11,12,20,11,4,16,5,5,8,9,5,7,7,10,5,7,10,11,2,10,6,6,8,6,2,8,6,7,3,3,7,4,8,2,4,0,2,3,3,5,6,0,5,5,5,3,4,3,2,2,6,2,2,8,4,4,11,6,2,1,1,3,2,3,1,1,2,6,1,3,2,3,1,3,5,2,2,1,4,2,0,1,1,3,1,3,1,3,0,0,3,2,5,7,3,1,2,0,0,0,2,0,1,0,1,0,2,1,1,2,5,4,4,0,1,0,3,3,2,2,1,1,1,0,0,1,1,1,2,0,1,2,4,0,5,3,1,1,0,0,0,0,1,1,3,0,1,0,1,2,2,0,2,1,0,0,0,0,2,0,0,0,1,0,0,0,0,0,0,1,1,3,0,1,1,2,1,0,0,1,2,0,1,2,0,0,3,2,1,0,0,0,0,0,0,0,0,1,3,0,1,0,2,1,0,0,1,0,1,0,0,0,0,0,0,1,1,1,2,2,0,0,1,0,1,0,1,1,1,3,2,1,0,1,0,0,0,0,0,0,0,2,1,0,1,1,0,0,0,0,0,0,0,1,1,0,4,0,1,0,0,0,0,1,1,0,0,0,1,0,1,0,1,0,1,0,0,1,1,0,1,1,2,1,0,1,0,0,0,1,0,1,0,0,3,0,0,0,0,0,0,0,0,1,0,0,1,0,0,0,0,0,0,0,0,1,0,0,1,0,0,1,0,0,0,0,0,0,0,0,1,0,0,0,0,0,0,0,1,1,0,0,0,0,0,0,0,0,0,0,0,0,0,0,0,0,0,0,0,0,0,0,0,0,0,0,0,0,0,0,0,0,0,0,0,0,0,0,0,0,0,0,0,0,0,0,0,0,0,0,0,0,0,0,0,0,0,0,0,0,0,0,0,0,0,0,0,0,0,0,0,0
202,122,117,101,49,65,21,29,20,43,30,28,23,12,28,11,14,8,35,7,31,16,7,8,12,11,15,10,9,24,12,9,6,4,5,22,4,5,8,6,11,4,6,7,10,4,6,3,12,7,10,6,6,10,13,12,8,7,4,7,9,9,4,5,3,5,5,2,1,4,8,14,1,0,2,8,9,2,2,5,1,7,2,6,3,3,3,4,3,1,9,3,4,6,5,6,3,3,0,6,1,3,4,1,3,1,3,2,4,2,6,3,5,1,2,1,3,1,1,1,4,2,4,0,2,1,0,1,2,2,2,2,0,8,0,4,1,0,1,0,7,2,6,0,3,1,3,2,0,5,2,0,1,2,3,0,2,3,2,1,1,0,4,1,2,3,0,0,0,2,0,4,1,1,2,0,1,0,1,1,1,2,1,2,0,0,0,1,1,0,1,0,0,0,0,2,0,1,0,3,0,0,0,1,2,2,0,1,1,2,0,2,2,2,0,3,3,1,0,1,4,0,0,1,2,0,0,1,0,0,1,0,0,0,1,1,4,1,0,2,1,0,0,0,0,0,1,0,0,0,0,0,0,0,0,1,2,1,0,1,0,0,0,1,0,2,0,1,1,0,0,0,0,0,0,0,0,1,0,1,2,1,0,0,0,0,0,0,0,0,0,1,1,1,0,1,0,0,0,1,0,0,0,0,1,2,3,0,0,0,0,0,0,1,0,1,0,0,2,0,1,1,0,0,0,0,1,0,0,0,0,0,1,0,0,0,0,0,0,1,0,0,1,0,0,0,0,0,0,0,0,0,0,1,0,0,0,0,1,0,0,1,2,1,0,0,0,0,0,0,0,1,0,0,0,0,0,2,0,0,0,0,0,0,1,0,0,0,0,0,0,1,0,0,0,0,0,0,0,0,0,0,0,0,0,1,1,0,0,0,0,0,0,0,0,0,0,0,0,0,0,0,0,0,0,0,0,0,0,0,0,0,0,0,0,0,0,0,0,0,0,0,0,0,0,0,0,0,0
173,87,100,88,46,68,22,23,13,46,24,28,15,12,20,23,14,21,23,7,28,10,27,8,10,7,14,14,14,13,8,17,12,6,4,17,7,9,12,23,14,7,5,3,5,9,4,7,6,5,11,8,8,5,15,4,6,3,5,4,4,11,9,5,3,1,3,3,10,7,0,11,1,1,3,3,5,5,2,5,4,3,0,5,2,3,11,3,4,1,7,1,4,3,2,1,2,7,1,3,3,1,0,3,4,2,1,1,3,0,5,4,4,2,1,1,2,1,3,0,1,6,2,0,5,0,0,0,1,2,5,5,1,0,1,2,4,0,2,0,8,2,2,1,1,3,1,2,0,4,2,0,4,5,2,0,0,1,0,0,0,1,4,2,0,1,1,2,0,0,1,0,0,1,3,0,1,0,1,0,1,0,0,1,1,1,0,1,0,1,0,0,1,0,0,1,0,3,0,4,2,0,0,3,2,0,1,0,3,2,1,2,2,0,0,0,2,0,3,0,4,0,0,1,0,0,0,0,2,0,1,0,1,0,0,1,6,1,1,2,2,0,0,1,1,0,2,0,0,0,1,0,1,0,0,1,2,0,0,1,1,1,0,0,0,0,1,0,0,0,1,0,0,0,0,0,0,0,0,1,1,1,0,2,0,0,1,2,1,1,0,0,2,0,3,1,0,0,0,0,0,0,0,0,0,0,0,0,3,0,0,0,0,1,0,0,1,0,0,0,1,0,1,0,0,0,1,0,0,0,0,0,0,0,0,0,0,0,0,0,0,1,1,1,0,0,0,0,0,0,0,0,0,0,0,1,1,0,0,1,0,0,0,0,0,0,1,0,0,0,0,0,0,0,0,0,0,0,1,0,0,0,0,0,0,0,0,0,0,0,0,0,0,2,0,0,0,0,0,0,0,0,0,0,0,0,0,1,1,1,0,0,0,0,0,0,0,0,0,0,0,0,1,1,1,1,0,0,0,0,0,0,0,0,0,0,0,0,0,0,0,0,0,0,0,0,0,0,0
161,102,70,73,47,45,16,25,13,29,20,21,26,17,15,13,19,22,17,6,21,8,14,5,7,9,13,8,16,7,11,11,8,8,5,11,7,3,5,10,10,6,10,9,9,10,9,3,2,8,6,10,2,1,9,1,1,4,4,8,4,3,4,5,6,7,4,3,4,5,2,10,2,1,0,2,12,3,4,3,3,2,3,6,1,4,6,4,4,6,7,4,2,10,0,1,1,6,0,2,2,4,1,1,4,1,3,1,2,0,4,5,2,2,5,4,3,1,3,0,0,2,5,0,4,2,0,0,0,3,1,4,3,5,3,3,0,0,1,0,11,2,4,2,1,1,3,1,0,3,1,2,0,0,0,1,1,1,0,1,2,1,0,0,2,1,2,4,0,1,2,2,2,3,1,0,0,1,1,0,1,1,2,0,2,0,1,0,1,0,0,0,1,0,0,1,1,0,0,2,0,1,0,1,0,1,1,1,2,0,0,0,1,0,0,0,0,0,1,3,2,1,0,0,0,1,0,0,0,0,0,0,2,0,0,0,3,2,0,0,0,0,0,1,0,0,2,1,0,1,0,0,1,1,0,0,1,0,1,0,4,0,0,0,0,0,1,1,1,2,1,2,1,1,0,1,0,1,1,0,0,0,0,2,0,1,0,0,0,1,0,0,0,0,0,0,0,0,0,0,0,1,0,1,1,1,2,1,1,2,0,1,0,0,1,0,0,1,0,0,1,2,2,0,0,0,0,0,0,1,0,0,0,0,0,0,0,0,1,0,0,0,0,0,0,0,0,0,0,0,0,0,0,0,0,0,0,1,0,2,0,0,0,0,0,0,0,0,0,0,0,0,0,0,1,0,0,0,0,0,0,0,0,0,0,0,0,0,0,1,0,0,0,0,0,0,0,0,0,0,0,0,0,0,0,0,0,1,0,0,0,0,0,0,0,0,0,0,0,0,0,0,0,0,0,0,1,0,0,0,0,0,0,0,0,0,0,0,0,0,0,0,0,0,0,0,0,0,0
146,84,84,64,38,51,17,35,15,37,18,19,14,9,27,11,13,15,21,8,28,13,8,1,9,13,7,7,9,16,11,10,16,12,7,8,5,5,9,11,13,6,7,4,9,4,4,2,4,3,1,5,6,6,11,8,5,4,5,9,2,2,9,5,4,8,9,5,5,4,5,8,2,1,0,2,2,7,3,1,6,0,5,5,6,2,4,1,1,3,5,0,1,5,3,1,3,3,2,1,1,1,1,2,7,2,3,0,2,2,2,6,1,1,1,2,1,0,0,0,1,0,7,0,3,6,0,2,0,3,0,2,2,1,1,3,1,0,6,1,2,0,0,2,0,3,1,2,0,3,1,1,1,0,3,1,0,0,2,2,0,3,1,2,2,3,0,0,0,1,2,2,1,0,1,0,2,1,3,1,0,2,0,1,2,3,0,5,0,0,0,1,1,0,0,0,1,0,0,2,0,1,0,0,1,0,1,1,0,0,0,0,1,0,0,0,1,0,2,1,3,3,1,0,0,2,0,0,0,0,0,0,1,1,0,2,0,2,0,0,1,0,0,1,0,0,1,0,0,0,0,1,0,0,0,1,0,0,0,0,0,0,0,0,0,0,1,0,0,0,1,1,1,1,0,0,1,3,0,1,1,1,0,0,0,1,0,0,1,0,1,0,0,0,0,1,1,2,0,1,0,0,0,2,0,1,0,3,0,0,1,0,0,0,1,0,1,0,1,0,0,1,1,0,0,0,0,0,1,0,1,0,1,0,0,0,0,0,0,1,0,1,0,1,0,0,0,1,0,0,1,0,0,0,0,0,0,0,0,1,1,0,0,0,0,0,0,0,0,0,0,0,0,0,0,1,1,1,0,0,0,0,0,0,0,0,0,0,0,0,0,0,1,0,0,0,0,0,0,0,0,0,0,0,0,0,0,0,0,0,1,1,0,0,0,0,0,0,0,0,0,0,0,0,0,0,0,1,0,0,0,0,0,0,0,0,0,0,0,0,0,0,0,0,0,0,0,0,0
163,113,86,81,49,58,30,34,13,37,24,29,19,16,23,16,10,19,39,5,20,12,8,4,8,12,17,13,9,19,18,15,7,10,2,9,8,5,6,14,9,7,8,8,4,4,7,5,10,6,8,2,4,6,14,7,4,2,4,7,2,8,5,3,4,5,3,0,3,7,2,5,1,3,4,2,6,7,2,5,3,6,4,11,8,2,5,3,5,5,4,4,1,7,3,3,2,4,0,3,6,7,0,3,3,4,2,2,6,1,5,5,2,3,3,2,3,2,1,4,3,4,3,0,6,2,0,0,5,7,1,2,0,1,0,3,1,0,0,2,1,0,0,1,0,0,2,3,1,3,4,0,2,0,2,1,3,0,1,0,1,1,1,4,0,1,1,0,0,3,2,3,1,0,3,0,2,0,1,2,2,4,2,2,0,0,0,1,0,1,1,2,3,1,0,0,3,2,0,2,2,3,1,0,0,0,1,1,2,0,2,1,1,0,0,0,0,0,1,3,0,6,0,1,0,0,0,0,0,1,1,1,2,1,1,4,1,1,0,1,0,0,1,0,0,0,2,0,0,2,0,1,1,1,0,2,1,1,1,1,0,0,0,0,0,2,0,1,1,0,0,0,0,0,0,0,1,0,0,0,1,0,0,2,0,0,0,0,0,0,1,2,0,0,1,0,5,0,0,0,0,0,1,0,3,0,0,1,1,2,0,0,0,0,0,1,1,0,0,0,0,1,2,1,0,0,0,0,0,0,1,0,0,0,2,0,0,0,0,0,1,0,0,2,0,0,0,0,0,0,0,0,1,0,0,0,0,0,0,0,0,0,0,0,0,0,0,0,0,0,1,0,1,0,0,0,1,0,3,0,1,0,0,0,0,0,0,0,0,1,1,0,0,0,1,0,0,0,0,0,0,0,0,0,0,0,0,0,0,0,0,0,1,1,0,0,0,0,0,0,0,0,0,0,0,0,0,0,1,1,1,1,0,1,0,0,0,0,0,0,0,0,0,0,0,0,0,0,0
225,115,84,94,43,58,20,41,18,48,32,34,21,13,21,19,17,17,35,12,34,20,13,14,12,9,21,5,12,13,14,18,12,7,10,13,9,7,6,12,15,10,11,6,16,12,6,2,10,9,8,10,10,4,25,6,4,5,5,10,8,4,8,5,10,7,6,4,10,4,5,18,1,2,1,4,8,4,9,11,4,12,3,10,2,2,6,3,5,1,6,4,2,8,5,7,2,1,5,8,1,6,2,1,2,2,1,2,2,2,5,8,2,2,4,6,4,3,0,5,3,6,5,1,3,1,1,3,3,3,3,1,4,5,3,0,2,0,3,4,4,3,5,1,1,4,3,2,4,3,2,0,2,1,11,1,1,0,2,0,4,1,1,0,1,5,5,2,3,2,4,2,1,0,2,0,0,1,4,0,0,1,1,2,0,0,0,3,0,1,1,1,2,1,0,1,2,0,1,2,0,2,0,2,1,1,3,4,1,1,4,1,2,1,0,0,1,1,2,1,2,9,1,2,0,1,0,1,0,0,0,0,2,5,0,1,3,1,2,2,1,0,0,1,0,2,4,0,0,0,4,1,1,0,3,2,1,0,2,0,0,0,4,0,0,1,0,1,1,2,0,3,0,1,0,0,0,1,1,1,0,0,0,3,0,0,0,0,1,1,1,1,0,0,1,0,0,0,0,0,0,0,0,0,1,1,0,0,0,0,0,1,0,2,1,0,0,1,0,0,1,0,0,0,0,0,0,1,0,1,0,1,1,0,0,1,0,0,0,0,1,1,0,0,0,0,0,0,0,1,0,0,0,0,0,0,0,0,1,0,0,0,0,0,0,0,0,0,1,0,0,0,1,0,0,0,0,1,0,0,0,0,0,0,0,0,0,0,0,0,0,1,0,1,1,2,0,0,0,0,0,0,0,0,0,1,1,0,1,1,1,0,1,0,1,1,1,1,0,0,0,0,0,0,0,0,0,0,0,0,0,0,1,0,1,1,1,1,0,0,0,0,1,0,0,0,0,0,0
214,184,103,96,48,89,27,59,28,58,44,51,38,25,38,27,26,46,61,16,40,11,11,7,10,13,18,17,12,20,12,15,10,12,4,13,10,10,19,7,20,9,8,6,7,7,9,2,3,10,9,10,13,5,23,10,4,4,9,10,15,3,5,8,5,11,14,5,11,8,1,15,1,1,7,4,13,5,5,4,5,2,5,14,1,3,8,2,7,5,8,7,4,5,5,5,0,6,6,0,3,0,2,4,5,2,2,1,5,3,7,5,5,11,5,5,5,1,3,4,2,5,6,1,4,0,3,2,0,2,3,2,1,3,3,0,1,0,1,2,1,1,2,3,1,3,3,5,2,4,2,0,5,0,2,0,2,1,0,0,1,4,1,3,1,2,3,0,1,3,2,4,1,2,3,1,2,0,0,0,5,1,1,0,0,2,0,1,0,0,1,3,3,1,2,0,1,1,1,5,3,3,0,2,0,2,2,3,3,2,0,2,1,0,0,1,0,0,2,3,4,2,1,3,1,0,0,3,2,0,2,1,5,1,0,0,1,0,0,2,2,0,0,0,2,1,2,0,4,0,1,0,2,4,1,2,0,0,0,0,1,1,9,0,0,1,1,0,0,1,1,1,0,0,0,0,0,0,0,0,1,2,0,2,0,0,1,1,1,1,2,0,1,2,4,4,4,0,0,0,1,2,1,0,0,1,1,0,3,3,0,0,0,1,0,2,0,0,1,1,0,1,1,0,2,0,0,1,1,1,3,0,1,1,0,0,1,0,0,1,0,0,0,1,0,0,1,0,0,0,0,1,0,0,0,0,1,0,0,0,1,0,1,0,0,0,0,0,0,0,0,0,0,0,1,2,1,0,0,0,0,0,0,0,0,0,0,0,1,0,0,0,1,0,1,1,3,2,0,0,0,0,0,0,0,0,0,0,0,0,0,1,0,1,1,1,1,1,2,2,2,0,0,0,0,0,0,0,0,0,0,0,0,0,0,0,0,0,1,1,0,1,0,1,1,1,1,1,1
14,11,3,6,4,2,1,3,1,1,2,3,1,2,5,1,2,2,6,1,1,0,0,0,0,0,0,0,1,1,0,1,2,1,0,2,2,1,0,0,0,1,2,0,2,0,1,0,1,0,0,0,2,0,2,0,0,0,2,0,0,0,0,1,1,1,0,0,1,0,0,0,0,0,0,0,0,0,2,0,0,0,0,1,0,0,1,0,0,0,1,1,0,2,1,1,1,0,1,0,0,0,0,0,0,1,0,0,0,0,0,0,0,0,0,0,0,0,1,0,0,0,0,0,0,0,0,0,0,0,0,0,1,0,0,0,1,0,0,0,0,0,0,0,0,0,0,0,0,0,0,0,0,0,0,0,0,0,0,0,0,0,0,0,0,0,0,1,0,0,0,0,0,1,0,0,0,0,0,0,0,0,0,0,0,0,0,0,0,0,0,0,0,0,0,0,0,0,0,1,0,0,0,0,0,0,0,2,0,0,0,0,0,0,0,0,0,0,0,0,0,0,1,0,0,0,0,0,0,0,0,0,0,0,0,0,0,0,0,0,0,0,0,0,0,0,0,0,0,0,0,0,0,0,0,0,0,0,0,0,0,0,0,0,0,0,0,0,0,0,0,0,0,0,0,0,0,0,0,0,0,0,0,0,0,0,0,0,0,0,1,0,0,0,0,0,0,0,0,0,0,0,0,0,0,0,0,0,0,0,0,0,0,0,0,0,0,0,0,0,0,0,0,0,0,0,0,0,0,0,0,0,0,0,0,0,0,0,0,0,0,0,0,0,0,0,0,0,0,0,0,0,0,0,0,0,0,0,0,0,0,0,0,0,0,0,0,0,0,0,0,0,0,0,0,0,0,0,0,0,0,0,0,0,0,0,0,0,0,0,0,0,0,0,0,0,0,0,0,0,0,0,0,0,0,0,0,0,0,0,0,0,0,0,0,0,0,0,0,0,0,0,0,0,0,0,0,0,0,0,0,0,0,0,0,0,0,0,0,0,0,0,0,0,0,0,0,0,0
